step,sim_time,x,y,yaw,subgoal,num_nodes,sg_x,sg_y,sg_yaw,goal_local_x,goal_local_y,goal_bearing_deg,pred_bearing_deg,modality,controller,v,w,latency,dist,similarity,state,wp0_x,wp0_y,wp0_yaw_deg,wp1_x,wp1_y,wp1_yaw_deg,wp2_x,wp2_y,wp2_yaw_deg,wp3_x,wp3_y,wp3_yaw_deg,wp4_x,wp4_y,wp4_yaw_deg,wp5_x,wp5_y,wp5_yaw_deg,wp6_x,wp6_y,wp6_yaw_deg,wp7_x,wp7_y,wp7_yaw_deg
1,105.59,-1.979,-1.655e-12,0.064255,0,15,-0.9716,0.0648,0.064255,1.0095,-1.9735e-05,-0.0011201,-0.17391,6,upstream,0.2775,-0.0050537,0.71641,1.0095,,running,0.10156,-0.0020996,0.11624,0.18594,-0.0027466,-0.047712,0.27969,-0.0020386,-0.10098,0.36875,-0.0022705,-0.51755,0.4625,-0.0014038,-0.17436,0.56563,-0.0025391,-0.7763,0.65313,-0.00060425,-0.47209,0.7375,0.0030396,-1.3916
2,106.37,-1.9762,0.00019914,0.063881,0,15,-0.9716,0.0648,0.064255,1.0067,0.0003387,0.019277,-0.10737,6,upstream,0.2775,-0.0031201,0.22999,1.0067,,running,0.10156,-0.0022461,0.074604,0.18594,-0.002417,-0.11624,0.27969,-0.0019409,0.054204,0.36875,-0.0020264,-0.40215,0.4625,-0.0008667,-0.18998,0.56563,-0.0020142,-0.68889,0.65313,0.00015564,-0.61546,0.73438,0.0037598,-1.3217
3,106.7,-1.9025,0.0049206,0.062372,0,15,-0.9716,0.0648,0.064255,0.93277,0.0017418,0.10699,-0.089978,6,upstream,0.2775,-0.0026147,0.25817,0.93278,,running,0.10156,-0.0018799,0.15268,0.18672,-0.0024048,0.00086749,0.28125,-0.0015747,0.029725,0.36875,-0.0016724,-0.29725,0.4625,-0.00072632,-0.085881,0.5625,-0.0014771,-0.64343,0.65313,0.00065002,-0.34271,0.73438,0.0040771,-1.1818
4,107.04,-1.8138,0.010461,0.06141,0,15,-0.9716,0.0648,0.064255,0.84395,0.0025493,0.17307,-0.063839,6,upstream,0.27938,-0.0018677,0.23011,0.84395,,running,0.10313,-0.0018433,0.1735,0.1875,-0.0022217,0.022555,0.28281,-0.0014526,0.21167,0.37031,-0.0015747,0.057701,0.46563,-0.0005188,0.013114,0.56875,-0.00096436,-0.30535,0.65938,0.00033264,-0.42488,0.74063,0.0037354,-1.1469
5,107.37,-1.7194,0.016265,0.060603,0,15,-0.9716,0.0648,0.064255,0.74937,0.0031542,0.24116,-0.13488,6,upstream,0.28313,-0.003999,0.25211,0.74938,,running,0.10547,-0.0019775,0.43027,0.19063,-0.0022095,-0.01388,0.28437,-0.00177,-0.0069941,0.37188,-0.0019409,-0.21332,0.47188,-0.0011108,-0.11278,0.575,-0.0017334,-0.34005,0.66875,-0.00021667,-0.36434,0.75625,0.0026489,-1.2212
6,107.71,-1.6242,0.022049,0.059776,0,15,-0.9716,0.0648,0.064255,0.65402,0.0036862,0.32292,-0.35063,6,upstream,0.28126,-0.010327,0.26017,0.65403,,running,0.10313,-0.0021851,0.22902,0.1875,-0.0027832,-0.22555,0.28281,-0.0026367,-0.37768,0.37031,-0.0033203,-0.66791,0.46875,-0.0028687,-0.54902,0.56875,-0.004248,-0.7564,0.6625,-0.0044189,-0.74133,0.74688,-0.0031128,-1.5593
7,108.05,-1.5282,0.027816,0.057936,1,15,0.0358,0.1296,0.064255,1.5673,0.01105,0.40393,0.4506,6,upstream,0.28126,0.013272,0.23625,0.55787,,running,0.10156,-0.002002,0.69396,0.1875,-0.0018677,0.4651,0.28281,-6.7139e-05,0.70287,0.37031,0.0017334,0.74833,0.46875,0.0036865,1.035,0.57188,0.0043701,0.81126,0.66563,0.0069336,0.81126,0.74063,0.013086,0.50356
8,108.38,-1.4327,0.033275,0.056904,1,15,0.0358,0.1296,0.064255,1.4716,0.012648,0.49242,0.30793,6,upstream,0.27938,0.0090088,0.24229,1.4717,,running,0.10156,-0.0019653,0.3574,0.1875,-0.0022461,0.24289,0.28281,-0.00065613,0.54203,0.37031,0.00087891,0.6784,0.46563,0.0025024,0.74133,0.56875,0.0026001,0.25851,0.6625,0.0047852,0.4581,0.74063,0.010693,-0.016742
9,108.72,-1.3376,0.038701,0.060981,1,15,0.0358,0.1296,0.064255,1.3764,0.0070324,0.29275,-0.20306,6,upstream,0.28313,-0.0060205,0.23902,1.3764,,running,0.10313,-0.0017822,0.23249,0.18906,-0.0025879,-0.34352,0.2875,-0.0021484,-0.33222,0.375,-0.0024048,-0.48258,0.47188,-0.0016724,-0.29147,0.575,-0.0028076,-0.61069,0.675,-0.0030396,-0.88477,0.75625,0.000177,-1.8315
10,109.05,-1.248,0.044201,0.062566,1,15,0.0358,0.1296,0.064255,1.2867,0.0049597,0.22086,-0.51534,6,upstream,0.28501,-0.015381,0.23586,1.2867,,running,0.10391,-0.0022339,0.18217,0.18906,-0.0029297,-0.60722,0.28594,-0.0029053,-0.80777,0.375,-0.0045654,-1.2168,0.475,-0.0042725,-1.0131,0.575,-0.0060791,-1.5888,0.67188,-0.0070313,-1.6027,0.75313,-0.0064453,-2.4414
11,109.39,-1.1517,0.050274,0.059571,1,15,0.0358,0.1296,0.064255,1.1901,0.0084862,0.40854,-0.33424,6,upstream,0.285,-0.0099756,0.22911,1.1902,,running,0.10313,-0.0020874,0.15788,0.18984,-0.0029663,-0.52454,0.2875,-0.0024902,-0.65042,0.37344,-0.0031006,-0.58399,0.475,-0.002771,-0.49657,0.575,-0.0044678,-1.0894,0.67188,-0.0045166,-1.1588,0.75625,-0.0024658,-1.9979
12,109.72,-1.0549,0.05604,0.054893,1,15,0.0358,0.1296,0.064255,1.0931,0.01361,0.71339,0.0030245,6,upstream,0.2775,0,0.23417,1.0931,,running,0.10234,-0.0015869,-0.012145,0.1875,-0.0024414,-0.052049,0.28281,-0.0015991,0.080432,0.37031,-0.00095215,-0.11147,0.4625,2.4414e-05,0.11191,0.5625,-0.00094604,-0.51755,0.65313,0.00043945,-0.43188,0.73125,0.0022217,-1.3602
13,110.06,-0.96442,0.060991,0.05263,1,15,0.0358,0.1296,0.064255,1.0024,0.015896,0.90849,0.23893,6,upstream,0.2775,0.0069434,0.23813,1.0026,,running,0.10234,-0.0016113,-0.0026025,0.1875,-0.0025024,0.051182,0.28281,-0.00098877,0.70436,0.37031,0.000177,0.36019,0.4625,0.0019287,0.78329,0.5625,0.0024414,0.29375,0.65313,0.0053711,0.71336,0.72813,0.008252,0.029725
14,110.39,-0.87021,0.06593,0.053267,1,15,0.0358,0.1296,0.064255,0.90812,0.015342,0.96787,-0.072628,6,upstream,0.28313,-0.0021533,0.23863,0.90825,,running,0.10313,-0.0015503,-0.088917,0.18906,-0.0024414,-0.25353,0.28437,-0.0018677,-0.041965,0.37188,-0.0016357,-0.21682,0.47188,-0.00059814,-0.020982,0.575,-0.00057678,-0.41639,0.67188,0.00078125,-0.12415,0.75,0.0032715,-1.1748
15,110.73,-0.77548,0.071007,0.054724,1,15,0.0358,0.1296,0.064255,0.81328,0.01413,0.99538,-0.50729,6,upstream,0.28126,-0.014942,0.25027,0.8134,,running,0.10234,-0.0017334,-0.085014,0.18672,-0.0030029,-0.55252,0.28281,-0.0028076,-0.69238,0.37188,-0.0039062,-1.2004,0.46875,-0.0041504,-1.2378,0.56563,-0.0062988,-1.6859,0.65625,-0.007373,-1.9286,0.7375,-0.0069824,-2.7184
16,111.07,-0.67948,0.076308,0.052959,1,15,0.0358,0.1296,0.064255,0.7171,0.015354,1.2266,-0.28349,6,upstream,0.28125,-0.0083496,0.24802,0.71726,,running,0.10156,-0.0018433,0.13359,0.1875,-0.0027588,-0.44761,0.28437,-0.0019409,-0.069504,0.37031,-0.0025024,-0.54902,0.46875,-0.0023193,-0.58049,0.56875,-0.003418,-1.0756,0.65938,-0.0032959,-1.2098,0.74063,-0.00093994,-1.8458
17,111.41,-0.58387,0.081366,0.048497,1,15,0.0358,0.1296,0.064255,0.62128,0.018137,1.6722,0.11795,6,upstream,0.2775,0.0034277,0.24644,0.62155,,running,0.099219,-0.001416,0.12145,0.18438,-0.0024048,0.10316,0.27969,-0.0012329,0.34271,0.36875,-0.00052795,0.01224,0.4625,0.00095215,0.47559,0.5625,0.00097656,-0.073875,0.65,0.0016846,-0.13289,0.725,0.0045898,-0.71336
18,111.74,-0.48866,0.085953,0.046754,2,15,1.0432,0.1945,0.064255,1.5353,0.036834,1.3744,0.47687,6,upstream,0.28688,0.014326,0.24514,0.52627,,running,0.10469,-0.0015259,0.47537,0.18984,-0.0015991,0.37068,0.28437,-0.00048828,0.60847,0.37656,0.0013306,0.81826,0.47813,0.0039795,1.014,0.58437,0.0046387,0.56558,0.68438,0.0048096,0.23075,0.77188,0.0063477,-1.2767
19,112.08,-0.39929,0.090096,0.048713,2,15,1.0432,0.1945,0.064255,1.4459,0.034041,1.3487,0.26596,6,upstream,0.28875,0.008042,0.25324,1.4463,,running,0.10391,-0.0018066,0.29494,0.18984,-0.0021973,-0.146,0.2875,-0.0012207,0.087426,0.37656,-0.00010986,0.41942,0.48125,0.0022339,0.80427,0.5875,0.0021973,0.33311,0.69063,0.0028809,-0.19583,0.775,0.0049561,-0.95111
20,112.41,-0.30183,0.094858,0.053107,2,15,1.0432,0.1945,0.064255,1.3484,0.028105,1.194,0.31246,6,upstream,0.28875,0.0094483,0.24012,1.3487,,running,0.10469,-0.0019043,0.51701,0.19063,-0.0020142,0.13464,0.2875,-0.00098877,0.12939,0.37813,-7.5531e-05,0.40565,0.48125,0.0026245,0.61763,0.5875,0.0026489,0.30535,0.69063,0.0040527,-0.23422,0.775,0.0051025,-1.3147
21,112.75,-0.20387,0.10006,0.055981,2,15,1.0432,0.1945,0.064255,1.2504,0.024518,1.1233,0.16422,6,upstream,0.28875,0.0049658,0.2333,1.2506,,running,0.10547,-0.0021362,0.60375,0.19141,-0.0022217,0.011365,0.2875,-0.001355,-0.020982,0.37813,-0.00075684,0.19059,0.48125,0.0013794,0.0086749,0.5875,0.00074158,-0.28106,0.6875,0.00038147,-0.69743,0.775,-0.0004364,-2.0811
22,113.08,-0.10591,0.10556,0.058701,2,15,1.0432,0.1945,0.064255,1.1524,0.021372,1.0625,-0.20492,6,upstream,0.28875,-0.0061963,0.23558,1.1525,,running,0.10625,-0.0024658,0.303,0.19141,-0.0029419,-0.42838,0.28906,-0.0025635,-0.72735,0.37969,-0.0030762,-0.81126,0.48125,-0.0017212,-0.72865,0.58437,-0.0034912,-1.1657,0.68438,-0.0050049,-1.2975,0.76875,-0.006543,-2.6353
23,113.42,-0.0079221,0.11136,0.059239,2,15,1.0432,0.1945,0.064255,1.0542,0.020766,1.1285,0.082284,6,upstream,0.28688,0.0024719,0.2475,1.0544,,running,0.10547,-0.002417,0.29841,0.19219,-0.0026855,-0.15387,0.2875,-0.0018188,-0.22031,0.37813,-0.0014038,-0.20458,0.47813,0.00068665,-0.37995,0.58437,-0.00057983,-0.56211,0.68125,-0.00027466,-0.59681,0.76562,0.00024109,-1.7899
24,113.76,0.089939,0.11713,0.057941,2,15,1.0432,0.1945,0.064255,0.95614,0.022034,1.3201,0.36958,6,upstream,0.28501,0.01103,0.25953,0.9564,,running,0.10469,-0.0017334,0.43374,0.18984,-0.0021606,0.40565,0.28437,-0.0010498,0.48958,0.375,0.00033875,0.47909,0.475,0.003064,0.85322,0.57812,0.0033447,0.5413,0.675,0.0049561,0.65926,0.75938,0.0080078,-0.63497
25,114.1,0.18142,0.12241,0.059343,2,15,1.0432,0.1945,0.064255,0.86454,0.020849,1.3815,0.42111,6,upstream,0.28501,0.012568,0.25224,0.86479,,running,0.10391,-0.0016113,0.44067,0.18984,-0.0019531,0.36369,0.28437,-0.00085449,0.60497,0.37344,0.00036926,0.59098,0.475,0.0034912,1.028,0.58125,0.0037842,0.49966,0.67813,0.005249,0.43374,0.7625,0.0072266,-0.85701
26,114.43,0.27805,0.12814,0.063226,2,15,1.0432,0.1945,0.064255,0.76781,0.017881,1.334,0.10749,6,upstream,0.285,0.003208,0.27703,0.76802,,running,0.10547,-0.0017212,0.36087,0.19141,-0.0022705,0.33921,0.2875,-0.0015137,0.076935,0.375,-0.00092773,0.18359,0.475,0.00089111,0.4581,0.57812,0.0006012,-0.11711,0.67813,0.00034485,-0.22555,0.7625,0.0013916,-1.7136
27,114.78,0.37467,0.13427,0.066944,2,15,1.0432,0.1945,0.064255,0.67106,0.01537,1.3121,-0.109,6,upstream,0.28875,-0.0032959,0.29701,0.67124,,running,0.10547,-0.0018677,0.045109,0.19219,-0.0026733,-0.31123,0.2875,-0.002356,-0.43712,0.37656,-0.0022705,-0.37418,0.48125,-0.00091553,-0.44414,0.58125,-0.0012695,-0.45802,0.68125,-0.0021484,-0.74253,0.76562,-0.00080566,-1.5593
28,115.14,0.47726,0.14117,0.067671,3,15,2.0506,0.2593,0.064255,1.5777,0.01147,0.41654,-0.98816,6,upstream,0.28879,-0.029884,0.2594,0.56844,,running,0.10469,-0.0020264,-0.46149,0.19219,-0.0036621,-1.3426,0.28906,-0.0044678,-2.0414,0.37813,-0.0067383,-2.2827,0.48125,-0.0083008,-2.9908,0.5875,-0.01084,-2.8015,0.6875,-0.013867,-2.5522,0.77813,-0.01377,-3.5485
29,115.47,0.57529,0.1479,0.064463,3,15,2.0506,0.2593,0.064255,1.4794,0.016134,0.62482,-1.1741,6,upstream,0.28881,-0.03551,0.23631,1.4795,,running,0.10391,-0.0021606,-0.4719,0.18828,-0.0036865,-1.4824,0.28594,-0.004834,-2.1811,0.37656,-0.007373,-2.4604,0.48125,-0.0098633,-2.8791,0.58437,-0.012695,-2.9122,0.68438,-0.015918,-2.9122,0.77188,-0.016211,-3.6878
30,115.81,0.67355,0.15427,0.053695,3,15,2.0506,0.2593,0.064255,1.3807,0.030972,1.285,-0.60643,6,upstream,0.29064,-0.018457,0.24162,1.3811,,running,0.10547,-0.0022339,-0.098893,0.19375,-0.0027832,-0.93713,0.29063,-0.0031982,-1.3566,0.38125,-0.0043213,-1.1958,0.48438,-0.005127,-1.5888,0.5875,-0.0062988,-1.6998,0.69063,-0.0070313,-1.1311,0.78125,-0.0068848,-2.5245
31,116.15,0.77205,0.15952,0.043362,3,15,2.0506,0.2593,0.064255,1.2817,0.044267,1.9781,-0.69436,6,upstream,0.29252,-0.02127,0.26413,1.2824,,running,0.10469,-0.0023071,0.025157,0.19297,-0.0029419,-0.81826,0.29063,-0.0036133,-1.3706,0.38125,-0.0053467,-1.4335,0.4875,-0.0059082,-1.6304,0.59063,-0.0069824,-1.3045,0.69375,-0.007666,-1.4224,0.78125,-0.0075195,-2.7461
32,116.49,0.8711,0.16383,0.036839,3,15,2.0506,0.2593,0.064255,1.1822,0.051966,2.5169,-0.083571,6,upstream,0.2925,-0.0025598,0.26499,1.1834,,running,0.10625,-0.002002,0.1735,0.19531,-0.0023682,-0.15212,0.29063,-0.0016357,-0.2661,0.38125,-0.0018433,-0.3567,0.4875,-0.00071106,-0.29375,0.59063,-0.0011475,-0.24289,0.69375,-0.001001,-0.25004,0.78125,0.0013062,-1.2098
33,116.83,0.97064,0.16744,0.030989,3,15,2.0506,0.2593,0.064255,1.0823,0.05835,3.086,0.20803,6,upstream,0.2925,0.0063721,0.27326,1.0839,,running,0.10469,-0.0018677,0.49272,0.19531,-0.0016724,0.27976,0.29219,-0.00043945,0.26577,0.38125,0.00015564,0.25878,0.4875,0.00177,0.48258,0.59375,0.0037109,0.60147,0.69688,0.0060059,0.8672,0.78125,0.0104,-0.34446
34,117.17,1.0701,0.1705,0.03072,3,15,2.0506,0.2593,0.064255,0.98281,0.058638,3.4144,0.079778,6,upstream,0.29063,0.002428,0.25756,0.98456,,running,0.10234,-0.0019897,0.22728,0.19297,-0.0019409,0.068193,0.28906,-0.00075073,-0.010491,0.38125,-0.00030365,0.31823,0.48438,0.00067444,0.33311,0.59063,0.0018555,0.31229,0.69063,0.0042969,0.43374,0.775,0.0078125,-0.70783
35,117.51,1.1692,0.17356,0.032548,3,15,2.0506,0.2593,0.064255,0.88368,0.057012,3.6914,0.24691,6,upstream,0.29063,0.0075147,0.24502,0.88551,,running,0.10313,-0.0021118,0.52742,0.19453,-0.0014893,0.32872,0.29063,-0.00027618,0.63294,0.37969,0.00061951,0.83175,0.48438,0.0020874,0.64693,0.59063,0.0036133,0.60847,0.69375,0.0060547,0.86021,0.77813,0.010254,0.11191
36,117.85,1.268,0.17676,0.033862,3,15,2.0506,0.2593,0.064255,0.78497,0.055999,4.0805,0.21515,6,upstream,0.29063,0.0065479,0.25038,0.78697,,running,0.10391,-0.0023315,0.91599,0.19609,-0.001709,0.36369,0.29063,-2.5177e-05,0.69238,0.38125,0.00045166,0.69588,0.48438,0.0018188,0.8672,0.5875,0.0034668,0.99306,0.69063,0.005542,0.98607,0.78125,0.0087891,-0.47884
37,118.18,1.3667,0.1801,0.03632,3,15,2.0506,0.2593,0.064255,0.68635,0.054311,4.5243,0.34007,6,upstream,0.28876,0.010283,0.24709,0.6885,,running,0.10313,-0.0020996,0.65232,0.19453,-0.0015991,0.3567,0.28906,-0.00016479,0.54203,0.37656,0.00032654,0.62735,0.48125,0.0028564,0.93713,0.58437,0.0047363,0.90211,0.6875,0.0074219,0.92314,0.775,0.011328,0.0017485
38,118.52,1.4594,0.18345,0.038722,4,15,3.058,0.3241,0.064255,1.6028,0.078658,2.8095,0.29456,6,upstream,0.29063,0.0089649,0.26059,0.59605,,running,0.10313,-0.0018677,0.74253,0.19141,-0.0018921,0.21157,0.29063,-0.00083008,0.24479,0.37813,-0.00011902,0.62595,0.48438,0.0024902,0.81826,0.5875,0.0047363,0.99231,0.6875,0.0070801,1.0001,0.775,0.011279,-0.33746
39,118.85,1.5576,0.18725,0.042123,4,15,3.058,0.3241,0.064255,1.5049,0.07354,2.7977,0.30083,6,upstream,0.28875,0.0090967,0.25228,1.5067,,running,0.10078,-0.0024048,0.77722,0.18984,-0.0018555,0.23955,0.2875,-0.00098267,0.41614,0.37188,0.00011292,0.60147,0.48125,0.0025269,0.64693,0.58437,0.004126,0.79804,0.68438,0.0066895,1.015,0.77188,0.010059,-0.47933
40,119.19,1.656,0.1914,0.045182,4,15,3.058,0.3241,0.064255,1.4065,0.069241,2.8183,0.0021659,6,upstream,0.29063,0,0.25972,1.4082,,running,0.10078,-0.0021973,0.53089,0.18984,-0.0019409,0.1731,0.2875,-0.0017944,0.2308,0.375,-0.0016602,0.099666,0.48438,1.8311e-05,0.12589,0.59063,0.0014404,0.26718,0.69063,0.0037598,0.43363,0.775,0.0068359,-0.69238
41,119.52,1.7542,0.19587,0.047517,4,15,3.058,0.3241,0.064255,1.3084,0.06616,2.8947,-0.20782,6,upstream,0.28875,-0.0062842,0.29191,1.3101,,running,0.10078,-0.002478,0.62804,0.18906,-0.0019531,-0.11977,0.28906,-0.002356,-0.39866,0.375,-0.0030884,-0.30774,0.48125,-0.0017456,-0.16174,0.58437,-0.001062,-0.083929,0.68438,0.00070496,0.14163,0.77188,0.003064,-1.1982
42,119.89,1.8586,0.20085,0.047028,4,15,3.058,0.3241,0.064255,1.2039,0.066731,3.1726,-0.52609,6,upstream,0.28876,-0.015908,0.25332,1.2057,,running,0.099219,-0.0026001,0.30645,0.18906,-0.0028564,-0.63497,0.2875,-0.0039062,-0.97908,0.37344,-0.0051025,-1.1469,0.48125,-0.0044189,-1.0979,0.58437,-0.0047852,-1.0617,0.68438,-0.0042236,-0.62245,0.77188,-0.0029175,-1.6781
43,120.22,1.951,0.20523,0.04435,4,15,3.058,0.3241,0.064255,1.1112,0.069671,3.5876,-0.14969,6,upstream,0.28875,-0.0045264,0.23534,1.1134,,running,0.10078,-0.002356,0.3921,0.19219,-0.0023804,-0.14513,0.28906,-0.0025024,-0.10054,0.37344,-0.0030273,-0.26577,0.48125,-0.0012573,-0.1154,0.5875,-3.8147e-05,0.064194,0.69063,0.0025391,0.44761,0.775,0.0054443,-0.7763
44,120.55,2.0491,0.20956,0.039955,4,15,3.058,0.3241,0.064255,1.0126,0.074154,4.1883,0.16132,6,upstream,0.28875,0.0048779,0.24594,1.0153,,running,0.099609,-0.0023071,0.92986,0.18984,-0.0018433,0.22556,0.28594,-0.0011963,0.22556,0.37344,-0.00074768,0.37768,0.48125,0.001355,0.48258,0.5875,0.0036621,0.67661,0.6875,0.0060547,1.0001,0.775,0.011621,0.038468
45,120.89,2.1473,0.21345,0.039256,4,15,3.058,0.3241,0.064255,0.91438,0.074823,4.6781,0.39788,6,upstream,0.28688,0.011953,0.2522,0.91744,,running,0.099609,-0.0022461,1.0547,0.18906,-0.0012817,0.55601,0.28594,-0.00044556,0.91615,0.37188,8.8501e-05,0.86021,0.47813,0.0033203,1.1935,0.58437,0.0068359,1.4709,0.68438,0.010596,2.0135,0.76875,0.016602,0.76231
46,121.22,2.2452,0.21727,0.041478,4,15,3.058,0.3241,0.064255,0.81658,0.073033,5.1108,0.39239,6,upstream,0.28876,0.011865,0.26695,0.81984,,running,0.10078,-0.0019165,1.0756,0.18984,-0.0013916,0.39866,0.28906,-0.00071411,0.61196,0.37344,-3.0518e-06,0.75532,0.48125,0.0032959,1.4405,0.58437,0.0071777,1.7691,0.68438,0.011914,2.3487,0.76875,0.016602,0.81885
47,121.56,2.3369,0.22106,0.045297,4,15,3.058,0.3241,0.064255,0.72502,0.070281,5.5368,0.33206,6,upstream,0.28688,0.0099756,0.26332,0.72842,,running,0.099609,-0.00177,0.83967,0.18984,-0.0017334,0.36781,0.28594,-0.00093994,0.65392,0.37188,-0.00032043,0.79728,0.47813,0.002771,1.2797,0.58125,0.0052246,1.3946,0.67813,0.010059,1.9855,0.76562,0.015723,0.4616
48,121.89,2.4348,0.2255,0.049199,4,15,3.058,0.3241,0.064255,0.62734,0.067834,6.1714,0.59485,6,upstream,0.28502,0.017754,0.25643,0.631,,running,0.096875,-0.0020996,0.7911,0.1875,-0.001416,0.62944,0.28281,-6.9427e-05,0.88818,0.36875,0.0015015,1.0979,0.475,0.0049316,1.8458,0.575,0.0086914,2.0811,0.67188,0.01416,2.9071,0.75625,0.020313,1.2168
49,122.23,2.5319,0.23025,0.053194,5,15,4.0654,0.3889,0.064255,1.5397,0.076891,2.8589,-0.042957,6,upstream,0.29063,-0.0013074,0.2731,0.53437,,running,0.099219,-0.0017822,1.0825,0.19063,-0.0016113,0.18709,0.2875,-0.002063,-0.39166,0.37656,-0.002478,-0.19473,0.48438,-0.00036316,-0.062893,0.5875,0.00012665,0.27933,0.69375,0.0021729,0.55252,0.77813,0.0033936,-0.56301
50,122.58,2.6348,0.2358,0.057874,5,15,4.0654,0.3889,0.064255,1.4371,0.070093,2.7924,-0.20937,6,upstream,0.29063,-0.0063721,0.25236,1.4388,,running,0.097656,-0.0020142,0.61416,0.18984,-0.0019653,-0.28326,0.2875,-0.002771,-0.60621,0.37656,-0.0039795,-0.70488,0.48438,-0.00177,-0.32347,0.5875,-0.0015381,-0.20559,0.6875,-0.00057373,0.079809,0.775,-0.00023041,-1.056
51,122.92,2.7334,0.24153,0.056964,5,15,4.0654,0.3889,0.064255,1.3382,0.071294,3.0496,-0.064561,6,upstream,0.2925,-0.0019775,0.24663,1.3401,,running,0.098438,-0.0020386,0.61416,0.18906,-0.0016968,-0.066444,0.2875,-0.0023926,-0.19409,0.37813,-0.0034668,-0.48608,0.4875,-0.00054932,0.026025,0.5875,-0.00031433,0.074604,0.69063,0.0016968,0.68702,0.78125,0.0035156,-0.5665
52,123.26,2.8265,0.24683,0.055382,5,15,4.0654,0.3889,0.064255,1.2448,0.073272,3.3686,-0.12482,6,upstream,0.2925,-0.0038232,0.23643,1.247,,running,0.10078,-0.0019775,0.61069,0.19141,-0.0022095,-0.29254,0.29063,-0.0023071,-0.62944,0.37813,-0.0033203,-0.65555,0.4875,-0.001062,-0.27627,0.59063,-0.00042114,0.22208,0.69688,0.0011719,0.40251,0.78438,0.0043457,-0.67314
53,123.59,2.9258,0.25235,0.054543,5,15,4.0654,0.3889,0.064255,1.1453,0.074226,3.7081,0.067789,6,upstream,0.2925,0.0020764,0.24475,1.1477,,running,0.10078,-0.0020142,0.6473,0.19297,-0.0020386,-0.22031,0.29219,-0.002002,-0.22557,0.38125,-0.0023438,-0.15125,0.4875,0.00057678,0.49619,0.59063,0.0015991,0.74947,0.69375,0.0037109,1.007,0.77813,0.0064453,-0.033222
54,123.93,3.0252,0.25775,0.05381,5,15,4.0654,0.3889,0.064255,1.0458,0.075013,4.1028,-0.11547,6,upstream,0.29438,-0.0035596,0.26078,1.0485,,running,0.1,-0.0016846,0.88824,0.19219,-0.002063,-0.095295,0.29219,-0.0018433,-0.38292,0.38125,-0.0026733,-0.299,0.49063,-0.00098877,0.011277,0.59063,-6.1035e-06,0.31229,0.69375,0.0019409,0.5517,0.77813,0.0036377,-0.50706
55,124.27,3.1246,0.26313,0.05402,5,15,4.0654,0.3889,0.064255,0.94618,0.074796,4.5198,-0.12051,6,upstream,0.2925,-0.0036914,0.24337,0.94914,,running,0.099219,-0.0016479,0.64885,0.19141,-0.0019897,-0.042839,0.29063,-0.0018677,-0.49657,0.37969,-0.0034912,-0.70287,0.4875,-0.0010254,-0.072001,0.59063,-0.00083008,-0.032097,0.69063,0.00018005,0.20299,0.775,0.0019043,-0.81538
56,124.61,3.2244,0.26852,0.052796,5,15,4.0654,0.3889,0.064255,0.84616,0.075831,5.121,0.019958,6,upstream,0.29438,0.00061523,0.24312,0.84956,,running,0.10156,-0.0018555,0.89517,0.19375,-0.0018921,0.055953,0.29219,-0.0015381,-0.061198,0.38125,-0.0025024,-0.11715,0.49063,0.0001709,0.38516,0.59375,0.0010742,0.37128,0.69375,0.0025635,0.49272,0.77813,0.0054688,-0.68702
57,124.94,3.324,0.27377,0.052015,5,15,4.0654,0.3889,0.064255,0.74643,0.076429,5.8463,0.06807,6,upstream,0.29438,0.0020984,0.24699,0.75033,,running,0.10234,-0.0018311,0.88824,0.19453,-0.0018799,0.041414,0.29375,-0.0011353,-0.046336,0.38281,-0.0016846,-0.13114,0.49063,0.00058289,0.22031,0.59063,0.0020874,0.30882,0.69063,0.0038086,0.44414,0.77813,0.0074219,-0.43887
58,125.28,3.418,0.27866,0.052324,5,15,4.0654,0.3889,0.064255,0.65226,0.076233,6.6662,-0.19655,6,upstream,0.2925,-0.0060205,0.25718,0.6567,,running,0.10156,-0.0018433,0.31333,0.19531,-0.0023926,-0.30074,0.29219,-0.0021118,-0.76931,0.37969,-0.0032471,-0.63294,0.4875,-0.0016724,-0.42488,0.5875,-0.00057983,-0.23943,0.6875,0.0004303,-0.26024,0.775,0.0021973,-1.2212
59,125.62,3.5178,0.28391,0.052458,6,15,5.0728,0.4537,0.064255,1.5617,0.088026,3.226,-0.23098,6,upstream,0.2925,-0.0070752,0.24126,0.55754,,running,0.10313,-0.0017822,0.56905,0.19297,-0.0022583,-0.2885,0.29219,-0.0019409,-0.56301,0.38125,-0.0031128,-0.72036,0.4875,-0.0019653,-0.68889,0.5875,-0.0015625,-0.56905,0.69063,-0.00054626,-0.37243,0.77813,0.00055237,-1.8179
60,125.95,3.6172,0.28913,0.050303,6,15,5.0728,0.4537,0.064255,1.462,0.091171,3.5683,-0.11191,6,upstream,0.29625,-0.0034717,0.25891,1.4649,,running,0.10391,-0.0015747,0.6662,0.19375,-0.0018799,-0.017623,0.29375,-0.0015259,-0.64343,0.38594,-0.002478,-0.43538,0.49375,-0.00096436,-0.38863,0.59375,-0.0011963,0.011277,0.69375,-0.00013733,0.21332,0.77813,0.00068054,-1.5313
61,126.28,3.7169,0.29414,0.048178,6,15,5.0728,0.4537,0.064255,1.362,0.094075,3.9511,-0.12195,6,upstream,0.2925,-0.0037354,0.23577,1.3653,,running,0.10391,-0.0016968,0.81255,0.19297,-0.0017578,-0.083268,0.29219,-0.0015015,-0.44761,0.38438,-0.0023926,-0.57599,0.4875,-0.0010376,-0.33485,0.59063,-0.0013672,-0.15268,0.69375,-0.0005249,0.066444,0.78125,0.00091553,-1.9296
62,126.62,3.8171,0.29897,0.046969,6,15,5.0728,0.4537,0.064255,1.2616,0.095599,4.3334,-0.0090879,6,upstream,0.29438,0,0.24715,1.2652,,running,0.10234,-0.0020996,0.86075,0.19297,-0.0020386,0.11016,0.29219,-0.0011475,-0.10141,0.38438,-0.0014771,-0.31229,0.49063,-7.782e-05,-0.070266,0.59063,0.00034485,0.20299,0.69063,0.0012817,0.56211,0.77813,0.0029175,-1.2028
63,126.96,3.9166,0.30364,0.046058,6,15,5.0728,0.4537,0.064255,1.1618,0.096671,4.7563,-0.13916,6,upstream,0.2925,-0.0042627,0.23586,1.1659,,running,0.10313,-0.0020508,0.59222,0.19219,-0.0022827,-0.29725,0.29219,-0.0019531,-0.68539,0.38281,-0.0023804,-0.51755,0.4875,-0.0011841,-0.38817,0.5875,-0.001001,-0.18564,0.6875,-0.0011963,0.058576,0.77813,-0.00061951,-1.7829
64,127.29,4.0106,0.30798,0.045657,6,15,5.0728,0.4537,0.064255,1.0678,0.097084,5.1952,-0.34289,6,upstream,0.29251,-0.010503,0.23929,1.0722,,running,0.10391,-0.0018433,0.79878,0.19375,-0.0022583,-0.2413,0.29375,-0.0021973,-0.83923,0.38281,-0.0032227,-0.76231,0.4875,-0.0029175,-0.58049,0.5875,-0.0035645,-0.54552,0.68438,-0.0042969,-0.2343,0.77188,-0.00354,-1.9855
65,127.63,4.11,0.31255,0.043584,6,15,5.0728,0.4537,0.064255,0.96807,0.099068,5.8431,-0.049894,6,upstream,0.29438,-0.0015381,0.25041,0.97312,,running,0.10391,-0.0018188,0.78416,0.19453,-0.0020264,0.0026228,0.29219,-0.0017334,-0.59448,0.38438,-0.0021606,-0.35393,0.49063,-0.00042725,-0.015615,0.5875,-0.00064392,0.2134,0.6875,-0.0015625,0.11798,0.775,-0.0001236,-1.6432
66,127.96,4.2096,0.31686,0.040868,6,15,5.0728,0.4537,0.064255,0.86809,0.10146,6.666,0.21515,6,upstream,0.29063,0.0065479,0.25808,0.874,,running,0.10313,-0.0019531,0.6955,0.19453,-0.0016602,0.3462,0.29219,-0.0008667,0.035845,0.38125,-0.00059509,0.19059,0.48438,0.0018188,0.77722,0.5875,0.0029175,0.72171,0.68438,0.0036865,0.50313,0.77188,0.0074219,-0.49657
67,128.31,4.3093,0.32091,0.040988,6,15,5.0728,0.4537,0.064255,0.76832,0.10139,7.5174,-0.019368,6,upstream,0.2925,-0.00059326,0.27253,0.77498,,running,0.10391,-0.0019775,0.64191,0.19453,-0.0021729,-0.027102,0.29219,-0.0015747,-0.36719,0.38281,-0.0019775,-0.063821,0.4875,-0.00016479,0.22381,0.58437,-1.6785e-05,0.18044,0.68125,6.4087e-05,0.37475,0.76875,0.0027954,-1.1958
68,128.65,4.4081,0.32499,0.042702,6,15,5.0728,0.4537,0.064255,0.66959,0.10022,8.5127,0.14873,6,upstream,0.29063,0.0045264,0.23178,0.67704,,running,0.10234,-0.0019043,0.40974,0.19219,-0.0019165,0.021857,0.28906,-0.001123,-0.087426,0.37813,-0.0010132,-0.035845,0.48438,0.0012573,0.59098,0.58125,0.0017578,0.28453,0.68125,0.0023926,0.73434,0.76562,0.0047119,-0.93041
69,128.98,4.5072,0.3292,0.043074,7,15,6.0802,0.5186,0.064255,1.5797,0.12149,4.3979,-0.0019727,6,upstream,0.2925,0,0.26265,0.5791,,running,0.10469,-0.0013794,0.69049,0.19609,-0.0016724,-0.04721,0.29531,-0.0012207,-0.37008,0.38438,-0.0015991,-0.61895,0.4875,-1.6785e-05,-0.26927,0.5875,-0.00080566,-0.38642,0.69375,-0.0008606,-0.3462,0.7875,0.001355,-1.8744
70,129.32,4.6003,0.33322,0.044187,7,15,6.0802,0.5186,0.064255,1.4867,0.11983,4.6081,0.11547,6,upstream,0.29438,0.0035596,0.26212,1.4915,,running,0.10703,-0.0013184,0.6662,0.19609,-0.0014404,0.082181,0.29375,-0.00080566,-0.15562,0.38281,-0.0010986,-0.30774,0.49063,0.00098877,-0.027102,0.59063,0.00046082,-0.11807,0.69688,0.00016937,0.085678,0.7875,0.0019531,-1.8458
71,129.65,4.6997,0.33761,0.044415,7,15,6.0802,0.5186,0.064255,1.3871,0.11952,4.9246,0.21241,6,upstream,0.29438,0.0065479,0.22907,1.3923,,running,0.10625,-0.001416,0.86742,0.19609,-0.0012085,0.34188,0.29375,-0.00014801,0.096926,0.38438,-0.00039673,0.05945,0.49063,0.0018188,0.29147,0.59063,0.0021484,0.26577,0.69688,0.0011841,0.27976,0.7875,0.0027588,-1.9296
72,129.99,4.7997,0.34204,0.04596,7,15,6.0802,0.5186,0.064255,1.2873,0.11754,5.2173,0.10407,6,upstream,0.29438,0.003208,0.26109,1.2926,,running,0.10469,-0.0015503,0.62665,0.19453,-0.0015381,0.17485,0.29219,-0.00069885,-0.20633,0.38281,-0.0012085,-0.27627,0.49063,0.00089111,0.036719,0.5875,-0.00028076,0.082181,0.69375,-0.0011719,0.00087426,0.78438,0.00030823,-1.8039
73,130.32,4.8996,0.34665,0.047892,7,15,6.0802,0.5186,0.064255,1.1875,0.11524,5.543,0.073528,6,upstream,0.2925,0.0022522,0.25541,1.193,,running,0.10625,-0.0018066,0.65075,0.19375,-0.0015625,0.034365,0.29375,-0.00089111,-0.26082,0.38281,-0.0012695,-0.083055,0.4875,0.00062561,-0.034096,0.5875,0.00015259,-0.16349,0.69375,-0.00057068,-0.11016,0.78438,0.00066833,-1.8179
74,130.66,4.9994,0.35143,0.048893,7,15,6.0802,0.5186,0.064255,1.0877,0.11415,5.991,0.048733,6,upstream,0.29063,0.0014832,0.25027,1.0937,,running,0.10625,-0.0018921,0.61632,0.19453,-0.0015747,-0.015861,0.29219,-0.00097656,-0.31192,0.38125,-0.0011963,-0.4074,0.48438,0.00041199,-0.092672,0.58437,-0.00038757,0.040216,0.69063,-0.0021973,-0.15441,0.78125,-0.0013062,-1.5403
75,131,5.0927,0.356,0.049554,7,15,6.0802,0.5186,0.064255,0.99432,0.11349,6.5115,0.094086,6,upstream,0.29438,0.0029004,0.23913,1.0008,,running,0.10469,-0.0016113,0.63009,0.19609,-0.0011719,0.32173,0.29219,-0.00057373,-0.13217,0.38438,-0.0006958,0.10666,0.49063,0.00080566,0.18564,0.5875,0.00084229,0.48258,0.69688,-5.9509e-05,0.49966,0.7875,0.0014404,-1.4265
76,131.33,5.1918,0.3609,0.0502,7,15,6.0802,0.5186,0.064255,0.89523,0.11292,7.1889,0.22381,6,upstream,0.29063,0.0068115,0.25299,0.90232,,running,0.10547,-0.001709,0.75059,0.19609,-0.0012207,0.22031,0.29219,-0.00031281,0.26752,0.38125,-0.00055542,0.3567,0.48438,0.0018921,0.55601,0.58437,0.0024048,0.60147,0.69375,0.0032959,0.88818,0.78125,0.0034912,-1.07
77,131.67,5.2914,0.3659,0.051514,7,15,6.0802,0.5186,0.064255,0.79563,0.11188,8.0047,0.17616,6,upstream,0.29063,0.0053613,0.26859,0.80346,,running,0.10313,-0.0017944,0.68173,0.19297,-0.0011475,0.48958,0.29219,-0.00033112,0.31473,0.37969,-0.00075073,0.27976,0.48438,0.0014893,0.60147,0.58437,0.0020386,0.49272,0.69063,0.00177,0.32964,0.78125,0.0045898,-0.97908
78,132,5.39,0.37098,0.053717,7,15,6.0802,0.5186,0.064255,0.69712,0.11035,8.9947,0.20803,6,upstream,0.2925,0.0063721,0.24982,0.7058,,running,0.10391,-0.0019043,0.64042,0.19297,-0.0013306,0.47909,0.29219,-0.00036316,0.13217,0.38125,-0.0006897,0.43363,0.4875,0.00177,0.79728,0.5875,0.0014771,0.3532,0.69063,0.0016724,0.33571,0.78125,0.004541,-0.87755
79,132.34,5.483,0.37597,0.055516,7,15,6.0802,0.5186,0.064255,0.60421,0.10927,10.251,0.177,6,upstream,0.28688,0.0053174,0.27757,0.61401,,running,0.10547,-0.0019287,0.63009,0.19297,-0.0012451,0.33836,0.28906,-0.00029297,0.24143,0.37656,-0.00083618,-0.29606,0.47813,0.0014771,0.3567,0.57812,0.0019165,0.56558,0.68438,0.001355,0.15094,0.77188,0.0041748,-1.1259
80,132.7,5.5877,0.3818,0.057732,8,15,7.0876,0.5834,0.064255,1.5091,0.11472,4.3473,0.71731,6,upstream,0.29252,0.021973,0.23804,0.51118,,running,0.10547,-0.0015503,1.1796,0.19219,-0.00027466,0.93041,0.29375,0.0012329,0.93746,0.3875,0.0019897,0.8672,0.4875,0.0061035,1.5453,0.5875,0.0088379,1.642,0.69375,0.011426,1.7829,0.7875,0.014648,-0.21575
81,133.03,5.6854,0.38739,0.060875,8,15,7.0876,0.5834,0.064255,1.4115,0.11034,4.4698,0.4736,6,upstream,0.29063,0.014414,0.24455,1.4158,,running,0.10547,-0.0017456,0.79878,0.19141,-0.00064697,0.63792,0.29219,0.00051575,0.43704,0.38594,0.00048218,0.56392,0.48438,0.0040039,1.07,0.5875,0.0054199,0.97269,0.69063,0.0074219,1.3321,0.7875,0.010938,-0.34914
82,133.37,5.7843,0.39344,0.067623,8,15,7.0876,0.5834,0.064255,1.3131,0.10146,4.4182,0.51361,6,upstream,0.29251,0.015733,0.25661,1.317,,running,0.10469,-0.0015625,0.70927,0.19063,-0.00074158,0.59798,0.29219,0.0010254,0.68021,0.38594,0.0011475,0.62735,0.4875,0.0043701,1.2238,0.59063,0.0066895,1.6012,0.69063,0.0089355,1.5343,0.78438,0.0125,-0.3384
83,133.7,5.883,0.40011,0.072635,8,15,7.0876,0.5834,0.064255,1.2148,0.095381,4.4896,0.40171,6,upstream,0.29251,0.012305,0.28363,1.2185,,running,0.10391,-0.0016235,0.60028,0.19063,-0.0012329,0.52867,0.29375,0.00045776,0.33131,0.38438,0.00041809,0.47933,0.4875,0.003418,1.014,0.5875,0.0050049,1.1539,0.69063,0.0064941,0.77441,0.7875,0.01001,-0.75912
84,134.06,5.982,0.40733,0.077785,8,15,7.0876,0.5834,0.064255,1.1159,0.08963,4.5921,0.2855,6,upstream,0.2925,0.0087452,0.26675,1.1195,,running,0.10547,-0.0016846,0.65232,0.19141,-0.0012085,0.44412,0.29219,-0.00015945,0.093402,0.38594,0.00019836,0.13746,0.4875,0.0024292,0.7366,0.5875,0.0035889,0.81765,0.69375,0.0044678,0.83175,0.7875,0.0084961,-0.51458
85,134.4,6.0811,0.41506,0.081712,8,15,7.0876,0.5834,0.064255,1.0169,0.085629,4.8133,0.46494,6,upstream,0.29063,0.014151,0.24749,1.0205,,running,0.10625,-0.0018677,0.54477,0.19219,-0.00050354,0.76931,0.29219,0.00072937,0.54353,0.38438,0.0013184,0.53503,0.48438,0.0039307,1.0909,0.58437,0.0047607,1.0979,0.69063,0.0058838,0.81765,0.78438,0.0097656,-0.67317
86,134.73,6.18,0.42313,0.085151,8,15,7.0876,0.5834,0.064255,0.91799,0.082493,5.135,0.24246,6,upstream,0.2925,0.0074268,0.24027,0.92169,,running,0.10391,-0.0020752,0.78416,0.19063,-0.0011963,0.59563,0.29063,-0.00068665,0.16918,0.38438,-0.00012283,0.56039,0.4875,0.002063,0.91632,0.58437,0.0023071,0.97974,0.6875,0.0034424,0.90927,0.78125,0.0074219,-0.56839
87,135.07,6.2785,0.43156,0.089345,8,15,7.0876,0.5834,0.064255,0.81944,0.079038,5.5093,0.22668,6,upstream,0.2925,0.0069434,0.24954,0.82325,,running,0.10313,-0.0022583,0.64191,0.19141,-0.0013794,0.4686,0.29219,-0.00053406,0.20619,0.38438,-0.00022736,0.2432,0.4875,0.0019287,0.77536,0.58437,0.001709,0.93746,0.69063,0.0028687,0.88813,0.77813,0.0057129,-1.0813
88,135.41,6.3775,0.44043,0.091822,8,15,7.0876,0.5834,0.064255,0.72025,0.077254,6.1221,0.16499,6,upstream,0.2925,0.0050537,0.27237,0.72438,,running,0.10391,-0.0020386,0.60722,0.19453,-0.00091553,0.55601,0.29063,-0.00018005,0.36303,0.38594,-3.0518e-05,0.32426,0.4875,0.0014038,0.52163,0.58437,0.0016602,0.52867,0.69063,0.0036865,0.31973,0.78125,0.0047119,-1.611
89,135.75,6.4764,0.44955,0.094055,8,15,7.0876,0.5834,0.064255,0.62102,0.075864,6.9647,0.034294,6,upstream,0.29063,0.0010437,0.24067,0.62564,,running,0.10469,-0.0020996,0.53783,0.19297,-0.0014648,0.25906,0.28906,-0.0011963,-0.041414,0.38281,-0.00098877,-0.11014,0.48438,0.00028992,0.047582,0.58437,-0.0003891,-0.075187,0.69063,0.00089111,0.0088814,0.77813,0.00047913,-1.8609
90,136.09,6.5752,0.45888,0.09538,9,15,8.095,0.6482,0.34002,1.5309,0.043725,1.636,-2.13,6,upstream,0.26643,-0.059428,0.26502,0.52728,,running,0.094531,-0.0020142,-0.2533,0.17734,-0.00354,-2.1088,0.26719,-0.0071777,-3.6896,0.35938,-0.011279,-4.5943,0.44375,-0.016504,-5.4268,0.54375,-0.024609,-6.3402,0.65313,-0.032031,-6.871,0.74375,-0.037305,-7.5196
91,136.42,6.6721,0.46831,0.091688,9,15,8.095,0.6482,0.34002,1.4334,0.04885,1.9519,-3.0293,6,upstream,0.25723,-0.081601,0.25702,1.4342,,running,0.092188,-0.0018677,-0.81538,0.17266,-0.0036865,-2.8292,0.25938,-0.0085938,-5.0902,0.34688,-0.015039,-7.0122,0.42813,-0.022656,-7.8631,0.52187,-0.032422,-8.6105,0.625,-0.045313,-10.564,0.71563,-0.055078,-11.016
92,136.76,6.7621,0.47677,0.069681,9,15,8.095,0.6482,0.34002,1.3416,0.078212,3.3365,-1.4477,6,upstream,0.27946,-0.042368,0.24107,1.3439,,running,0.10078,-0.0018677,0.18044,0.18672,-0.0027344,-1.0686,0.28125,-0.0054688,-2.3672,0.37656,-0.0081055,-2.9299,0.46563,-0.011768,-3.5197,0.56875,-0.016406,-3.7448,0.675,-0.019434,-3.7167,0.76562,-0.019141,-4.4181
93,137.09,6.8466,0.48273,0.04696,9,15,8.095,0.6482,0.34002,1.2548,0.10669,4.8599,-1.583,6,upstream,0.27573,-0.045709,0.26162,1.2593,,running,0.099219,-0.0010864,0.11624,0.18672,-0.0027832,-1.464,0.27813,-0.0058838,-2.9299,0.375,-0.009082,-3.7167,0.45938,-0.012695,-4.227,0.5625,-0.018359,-4.2552,0.6625,-0.023633,-4.6024,0.75313,-0.024316,-4.83
94,137.43,6.9416,0.48724,0.032308,9,15,8.095,0.6482,0.34002,1.158,0.12362,6.0934,-0.6225,6,upstream,0.28314,-0.018457,0.25396,1.1645,,running,0.10469,-0.001355,0.66796,0.19141,-0.0013306,-0.26371,0.28281,-0.0022949,-1.1348,0.38281,-0.0036133,-1.5857,0.47188,-0.005127,-1.8467,0.57812,-0.0061523,-1.6266,0.68438,-0.0084473,-1.7757,0.77188,-0.0074219,-2.3379
95,137.76,7.0363,0.49026,0.019012,9,15,8.095,0.6482,0.34002,1.0615,0.13779,7.3956,0.049776,6,upstream,0.28875,0.0015051,0.25819,1.0704,,running,0.10391,-0.0010864,1.0339,0.19219,-0.00059204,0.4686,0.28281,-0.00031738,0.14803,0.38438,-0.00036774,-0.10972,0.48125,0.00041809,-0.15332,0.58437,0.00069885,-0.17094,0.69063,0.00098877,-0.042631,0.775,0.0052734,-0.93813
96,138.1,7.1331,0.49205,0.014446,9,15,8.095,0.6482,0.34002,0.96403,0.14224,8.3935,-0.34387,6,upstream,0.28313,-0.010195,0.27772,0.97447,,running,0.10469,-0.00085449,0.80567,0.19219,-0.00053406,0.32964,0.28281,-0.0012817,-0.41413,0.38125,-0.002771,-1.2587,0.47188,-0.002832,-1.7265,0.575,-0.0028564,-1.5364,0.675,-0.0022827,-1.1386,0.75938,0.0020874,-1.6897
97,138.45,7.2309,0.49349,0.014079,9,15,8.095,0.6482,0.34002,0.86621,0.14253,9.3438,-1.0019,6,upstream,0.28317,-0.029709,0.23753,0.87786,,running,0.10703,-0.0012573,0.48204,0.19141,-0.0014404,-0.29841,0.27969,-0.0023804,-1.3039,0.37813,-0.0046631,-2.0293,0.47188,-0.008252,-3.2931,0.56875,-0.010547,-3.4907,0.66875,-0.011816,-2.7126,0.75625,-0.0085938,-3.6914
98,138.79,7.3273,0.49493,0.0087458,9,15,8.095,0.6482,0.34002,0.76904,0.14655,10.789,-0.36222,6,upstream,0.28501,-0.010811,0.25921,0.78288,,running,0.10703,-0.001123,0.73682,0.19141,-0.00038757,0.3574,0.28125,-0.0011108,-0.42647,0.37969,-0.0018677,-0.9586,0.475,-0.0030029,-1.4377,0.575,-0.0026855,-1.9473,0.66875,-0.00069885,-1.1767,0.75313,0.0046387,-1.6889
99,139.12,7.4239,0.49573,0.00011533,9,15,8.095,0.6482,0.34002,0.67111,0.15239,12.793,2.9729,6,upstream,0.26098,0.081247,0.23155,0.68819,,running,0.10859,-0.00056763,2.0256,0.17969,0.002771,4.0738,0.26406,0.0064453,4.8383,0.35,0.012695,5.8446,0.43438,0.022559,8.9785,0.51562,0.035938,11.065,0.59375,0.051563,13.108,0.65625,0.071875,15.245
100,139.46,7.5131,0.49548,0.0036194,9,15,8.095,0.6482,0.34002,0.58242,0.15061,14.499,2.5672,6,upstream,0.25901,0.069633,0.24952,0.60158,,running,0.10781,-0.00074768,1.6998,0.17969,0.0018311,2.9953,0.26719,0.0050049,3.7167,0.35313,0.010938,4.4461,0.43125,0.019336,7.4069,0.50938,0.030859,8.937,0.58437,0.044141,11.31,0.64375,0.066016,14.036
101,139.8,7.601,0.49566,0.030349,10,15,8.8465,0.9141,1.8208,1.2576,0.38045,16.832,3.8445,6,upstream,0.24994,0.10062,0.24246,0.51697,,running,0.10313,-0.00083008,2.6151,0.17891,0.0034424,4.3559,0.25312,0.009375,6.3963,0.33594,0.016211,7.8572,0.41563,0.02793,11.016,0.49375,0.042773,13.417,0.57188,0.058203,16.59,0.63438,0.076563,17.438
102,140.13,7.6877,0.49802,0.056559,10,15,8.8465,0.9141,1.8208,1.1805,0.34991,16.51,3.9005,6,upstream,0.24807,0.10133,0.24061,1.2313,,running,0.10313,-0.0011353,2.9723,0.17734,0.0030396,4.4672,0.25,0.0092285,7.181,0.33125,0.016895,8.8107,0.4125,0.028125,11.75,0.49063,0.044141,14.708,0.57188,0.059375,17.463,0.63438,0.077344,18.545
103,140.47,7.7715,0.50248,0.090834,10,15,8.8465,0.9141,1.8208,1.1079,0.31241,15.748,4.7085,6,upstream,0.24269,0.11967,0.24082,1.1511,,running,0.10234,-0.00073547,3.4666,0.17344,0.0033203,5.5222,0.24375,0.010645,8.9639,0.32031,0.019629,11.089,0.40313,0.033203,14.924,0.475,0.051563,18.795,0.55625,0.069922,21.239,0.6125,0.089844,22.585
104,140.8,7.8541,0.50962,0.12723,10,15,8.8465,0.9141,1.8208,1.0357,0.27529,14.885,3.9133,6,upstream,0.23868,0.09781,0.25854,1.0717,,running,0.098047,-0.00064697,3.3551,0.17031,0.0025269,4.5862,0.24219,0.009082,8.1381,0.32031,0.016602,9.7244,0.39688,0.027148,12.353,0.46875,0.041797,15.265,0.54375,0.058984,19.052,0.60313,0.080859,20.829
105,141.14,7.9347,0.5196,0.16618,10,15,8.8465,0.9141,1.8208,0.96447,0.23824,13.875,4.0815,6,upstream,0.23215,0.099225,0.25884,0.99346,,running,0.093359,-0.0013428,3.6593,0.16406,0.0020386,5.2021,0.2375,0.0082031,8.4856,0.31563,0.015918,10.535,0.38594,0.027539,13.696,0.45625,0.042773,16.744,0.52813,0.062109,20.717,0.58437,0.087109,23.153
106,141.48,8.0089,0.53164,0.19757,10,15,8.8465,0.9141,1.8208,0.89633,0.21062,13.223,4.5987,6,upstream,0.21632,0.10417,0.24534,0.92075,,running,0.087109,-0.0015137,4.1842,0.15391,0.0014526,6.1717,0.22188,0.0078125,9.8366,0.29375,0.016504,12.769,0.35938,0.028906,16.521,0.41875,0.046875,21.263,0.48125,0.069141,26.36,0.525,0.09375,29.11
107,141.81,8.0843,0.54628,0.23177,10,15,8.8465,0.9141,1.8208,0.82633,0.18291,12.481,5.2205,6,upstream,0.20993,0.11477,0.24096,0.84633,,running,0.085547,-0.0013428,3.9357,0.15156,0.0018188,6.5927,0.21875,0.0083008,10.426,0.28437,0.017676,13.981,0.34844,0.031836,18.399,0.40938,0.051953,23.394,0.46875,0.076953,27.769,0.51875,0.10469,30.42
108,142.15,8.1546,0.5623,0.26817,10,15,8.8465,0.9141,1.8208,0.76043,0.15589,11.585,5.7428,6,upstream,0.20729,0.12466,0.27454,0.77625,,running,0.088672,-0.0013672,4.2395,0.15,0.0020142,6.7916,0.21719,0.0092285,10.924,0.28125,0.019727,14.532,0.34375,0.03457,19.592,0.4,0.055078,24.934,0.45625,0.080078,29.382,0.50313,0.10859,33.44
109,142.5,8.2264,0.58144,0.31027,10,15,8.8465,0.9141,1.8208,0.69207,0.12745,10.434,6.4769,6,upstream,0.19531,0.13247,0.24574,0.70371,,running,0.084375,-0.0013428,4.7361,0.14375,0.0020508,7.5164,0.20938,0.0092773,12.024,0.27031,0.020703,16.116,0.32344,0.036719,21.675,0.375,0.057031,27.074,0.42813,0.082031,32.005,0.46875,0.10938,36.06
110,142.84,8.288,0.60038,0.3508,10,15,8.8465,0.9141,1.8208,0.63233,0.10267,9.2224,6.8704,6,upstream,0.18319,0.1318,0.23577,0.64061,,running,0.076953,-0.0016724,4.7912,0.13281,0.0011353,7.9072,0.19453,0.0094727,13.054,0.25,0.020703,17.435,0.30313,0.036523,22.62,0.35781,0.057813,28.476,0.40625,0.084375,34.001,0.45,0.1125,36.509
111,143.17,8.3485,0.62167,0.39578,11,15,8.5971,1.8907,2.6547,0.71858,1.0751,56.242,6.1254,6,upstream,0.19329,0.12399,0.26038,0.57747,,running,0.082031,-0.0013428,3.4934,0.14062,0.0019409,6.256,0.20469,0.0086914,10.898,0.26406,0.019141,14.541,0.32031,0.034375,19.904,0.375,0.055859,25.324,0.42188,0.080469,30.885,0.4625,0.11016,35.591
112,143.52,8.406,0.64476,0.44004,11,15,8.5971,1.8907,2.6547,0.70368,1.0458,56.065,7.125,6,upstream,0.17857,0.13323,0.23782,1.2605,,running,0.076172,-0.0014282,4.8188,0.12813,0.0011841,8.4084,0.1875,0.0085449,13.046,0.24063,0.020605,17.788,0.29531,0.036914,22.828,0.35,0.058984,28.87,0.4,0.083984,33.936,0.44375,0.11094,37.141
113,143.85,8.4637,0.67105,0.48301,11,15,8.5971,1.8907,2.6547,0.68457,1.0182,56.085,6.0796,6,upstream,0.15933,0.10144,0.2648,1.2269,,running,0.066406,-0.0019531,4.8103,0.1125,-0.00098877,8.0897,0.16563,0.0049805,12.184,0.21563,0.013477,17.215,0.26406,0.028125,22.438,0.31719,0.048242,28.031,0.36094,0.071484,33.563,0.39844,0.096484,37.242
114,144.19,8.5159,0.6974,0.52609,11,15,8.5971,1.8907,2.6547,0.66948,0.99114,55.963,7.2095,6,upstream,0.15781,0.11914,0.24766,1.1961,,running,0.063672,-0.0022827,5.6053,0.10781,-0.00056152,9.2578,0.15859,0.0063477,13.76,0.20625,0.016406,18.726,0.26094,0.033008,24.102,0.31563,0.054688,29.532,0.36094,0.077734,33.44,0.4,0.10391,37.053
115,144.52,8.5623,0.72333,0.56207,11,15,8.5971,1.8907,2.6547,0.6516,0.96921,56.087,7.7956,6,upstream,0.15897,0.12978,0.25473,1.1679,,running,0.065625,-0.0018677,6.076,0.11094,0.00096436,10.117,0.16016,0.0081543,15.026,0.20781,0.019531,20.236,0.2625,0.035938,24.641,0.31719,0.057813,29.382,0.36406,0.082031,33.566,0.40625,0.10938,37.321
116,144.86,8.6075,0.7506,0.60353,11,15,8.5971,1.8907,2.6547,0.63854,0.94457,55.941,7.025,6,upstream,0.13319,0.09798,0.25355,1.1401,,running,0.052344,-0.0028442,5.1022,0.088281,-0.0017944,10.173,0.13203,0.0040039,14.319,0.17578,0.013086,19.622,0.22031,0.027148,26.037,0.27188,0.047852,30.393,0.31406,0.069922,34.484,0.35625,0.095703,38.585
117,145.2,8.6478,0.77719,0.64284,11,15,8.5971,1.8907,2.6547,0.62694,0.92164,55.775,7.231,6,upstream,0.12569,0.095174,0.25963,1.1147,,running,0.047852,-0.0037598,5.7106,0.081641,-0.0024536,11.232,0.12266,0.0031128,14.995,0.16328,0.012256,20.995,0.20781,0.026367,26.775,0.25625,0.047266,32.055,0.29531,0.069531,36.203,0.33594,0.096094,39.623
118,145.53,8.6836,0.8028,0.67596,11,15,8.5971,1.8907,2.6547,0.61319,0.90277,55.814,7.9281,6,upstream,0.14104,0.11709,0.24954,1.0913,,running,0.051172,-0.0036621,6.3683,0.090234,-0.0013062,10.898,0.13516,0.005249,15.709,0.18047,0.015527,21.417,0.23281,0.032422,27.084,0.28437,0.054297,31.363,0.33438,0.079688,34.725,0.37813,0.10859,37.895
119,145.87,8.7177,0.82893,0.70996,11,15,8.5971,1.8907,2.6547,0.60059,0.88384,55.803,7.04,6,upstream,0.11761,0.086702,0.24141,1.0686,,running,0.043555,-0.0041992,5.2413,0.076172,-0.0028076,11.377,0.11406,0.0019653,15.003,0.15234,0.01084,21.669,0.19453,0.024023,26.777,0.24531,0.045508,32.106,0.29219,0.070312,36.293,0.3375,0.097266,38.399
120,146.2,8.7524,0.85745,0.7468,11,15,8.5971,1.8907,2.6547,0.58789,0.86378,55.761,7.5779,6,upstream,0.13241,0.10507,0.24868,1.0449,,running,0.048047,-0.0041016,6.1074,0.085547,-0.0019775,11.51,0.12656,0.0039551,15.709,0.16953,0.013379,21.479,0.21875,0.029102,27.72,0.27188,0.051172,31.307,0.31719,0.076563,35.731,0.36094,0.10391,38.104
121,146.54,8.7828,0.88427,0.77793,11,15,8.5971,1.8907,2.6547,0.57404,0.84726,55.881,8.116,6,upstream,0.13447,0.11429,0.24424,1.0234,,running,0.046875,-0.004541,5.8625,0.085156,-0.0020142,12.174,0.12813,0.004248,16.699,0.17188,0.014844,22.123,0.22188,0.031641,28.324,0.27656,0.054297,31.759,0.32344,0.082813,36.404,0.36875,0.1125,38.771
122,146.87,8.8132,0.91281,0.81225,11,15,8.5971,1.8907,2.6547,0.56114,0.82951,55.923,7.2229,6,upstream,0.10206,0.077197,0.26334,1.0015,,running,0.033594,-0.0052002,6.0135,0.062891,-0.0042236,13.029,0.095313,0.00081787,17.382,0.12813,0.0080566,23.436,0.16875,0.021387,28.789,0.21406,0.04082,33.21,0.25312,0.064453,37.569,0.29688,0.092578,40.711
123,147.21,8.8434,0.94322,0.84848,11,15,8.5971,1.8907,2.6547,0.54802,0.81122,55.959,7.6281,6,upstream,0.11918,0.095203,0.24321,0.97898,,running,0.039062,-0.0049561,5.9374,0.071875,-0.0037354,12.87,0.11328,0.0025391,17.215,0.15078,0.011475,23.711,0.19688,0.026367,28.706,0.25,0.048633,32.619,0.29844,0.075781,36.968,0.34531,0.10547,39.617
124,147.54,8.8676,0.96932,0.87649,11,15,8.5971,1.8907,2.6547,0.53497,0.79746,56.145,7.125,6,upstream,0.12093,0.090232,0.22513,0.96028,,running,0.040039,-0.0044678,5.37,0.074609,-0.0035889,12.27,0.11797,0.0028687,15.978,0.15547,0.011426,21.957,0.2,0.025,27.548,0.25156,0.046875,31.953,0.30156,0.072266,35.77,0.34688,0.10313,39.046
125,147.88,8.8939,0.99941,0.90828,11,15,8.5971,1.8907,2.6547,0.52015,0.78227,56.379,8.1955,6,upstream,0.13071,0.11218,0.24971,0.93941,,running,0.043164,-0.0043701,5.739,0.078516,-0.0030762,12.339,0.12578,0.0040039,16.721,0.16641,0.014551,23.122,0.21563,0.031055,29.204,0.26875,0.053125,32.307,0.31875,0.079297,36.678,0.36719,0.11172,39.44
126,148.22,8.9185,1.0293,0.93872,11,15,8.5971,1.8907,2.6547,0.50512,0.7682,56.674,7.9939,6,upstream,0.15337,0.12838,0.27525,0.9194,,running,0.055078,-0.0039795,5.6212,0.095313,-0.0019775,11.288,0.15,0.005957,16.133,0.19766,0.018066,21.524,0.25312,0.035547,26.771,0.31094,0.058594,31.32,0.36719,0.086719,35.858,0.41563,0.12344,39.452
127,148.57,8.9474,1.067,0.98028,11,15,8.5971,1.8907,2.6547,0.4892,0.74962,56.872,7.8504,6,upstream,0.15615,0.12837,0.2554,0.89513,,running,0.055469,-0.0044922,5.9841,0.095703,-0.0025391,11.454,0.15,0.005542,16.548,0.20156,0.018164,22.306,0.25781,0.035547,27.385,0.31563,0.058594,32.347,0.37031,0.086719,36.779,0.42188,0.125,40.277
128,148.91,8.9769,1.109,1.0239,11,15,8.5971,1.8907,2.6547,0.47022,0.73087,57.244,7.6142,6,upstream,0.1362,0.1086,0.25341,0.86906,,running,0.048633,-0.0055176,6.1155,0.08125,-0.0043945,12.339,0.12813,0.0022095,17.71,0.17344,0.012695,24.588,0.225,0.030078,31.164,0.27969,0.051953,35.375,0.32812,0.078125,39.026,0.37344,0.10938,41.848
129,149.24,9.004,1.1515,1.0658,11,15,8.5971,1.8907,2.6547,0.45007,0.71369,57.763,5.9469,6,upstream,0.11311,0.070439,0.23967,0.84375,,running,0.040234,-0.0048584,6.645,0.069141,-0.005249,13.093,0.11016,-0.00019684,17.691,0.14375,0.0063965,23.657,0.1875,0.019531,29.197,0.24219,0.039453,34.912,0.28594,0.064063,40.121,0.31719,0.089453,43.62
130,149.58,9.0246,1.187,1.0975,11,15,8.5971,1.8907,2.6547,0.43143,0.70129,58.4,5.8037,6,upstream,0.093291,0.061089,0.26582,0.82337,,running,0.032617,-0.0057861,7.0397,0.054688,-0.0074707,14.317,0.089063,-0.00271,20.114,0.11875,0.0026611,26.027,0.15469,0.015723,31.795,0.20469,0.035156,37.659,0.2375,0.057422,43.766,0.26719,0.083984,47.793
131,149.92,9.042,1.2194,1.1208,11,15,8.5971,1.8907,2.6547,0.41095,0.69263,59.318,6.2123,6,upstream,0.098547,0.065439,0.26656,0.80537,,running,0.033203,-0.0058105,7.466,0.056641,-0.0075684,15.145,0.092969,-0.0021729,20.886,0.12422,0.0040283,27.093,0.16328,0.017773,32.313,0.21094,0.037891,38.211,0.24844,0.060938,42.955,0.28281,0.088281,46.512
132,150.26,9.0573,1.2492,1.1432,11,15,8.5971,1.8907,2.6547,0.39289,0.68477,60.154,6.233,6,upstream,0.093364,0.06566,0.2526,0.78947,,running,0.030078,-0.0065918,8.1463,0.051953,-0.0083984,15.709,0.086328,-0.0033936,22.298,0.11641,0.0028198,28.357,0.15469,0.016895,33.147,0.20156,0.036914,39.188,0.23281,0.059766,45,0.2625,0.085547,48.769
133,150.6,9.0706,1.2768,1.1641,11,15,8.5971,1.8907,2.6547,0.37652,0.67776,60.946,5.5115,6,upstream,0.080529,0.057984,0.26675,0.77532,,running,0.023828,-0.0075195,8.4747,0.042188,-0.010205,16.632,0.071094,-0.005957,23.844,0.1,-0.0001236,29.909,0.13359,0.012891,34.174,0.17969,0.032031,39.999,0.20469,0.051953,46.273,0.23281,0.076172,51.184
134,150.94,9.084,1.3059,1.1871,11,15,8.5971,1.8907,2.6547,0.36,0.67044,61.766,5.6337,6,upstream,0.07819,0.059282,0.27023,0.76098,,running,0.02334,-0.0075684,8.7548,0.039844,-0.010645,16.855,0.067969,-0.0064941,24.463,0.094922,-0.001355,31.19,0.12969,0.012793,35.277,0.17734,0.033203,41.234,0.20312,0.055078,47.862,0.225,0.078906,53.13
135,151.29,9.0947,1.3304,1.2069,11,15,8.5971,1.8907,2.6547,0.3465,0.66444,62.458,5.7523,6,upstream,0.080091,0.060543,0.26711,0.74936,,running,0.024805,-0.0071777,8.1381,0.042773,-0.009668,16.186,0.071094,-0.0056152,24.057,0.096875,-0.00047607,30.7,0.13281,0.013379,34.912,0.17969,0.033398,40.251,0.20469,0.054688,46.586,0.22813,0.079297,51.953
136,151.65,9.1053,1.3561,1.2284,11,15,8.5971,1.8907,2.6547,0.33291,0.65823,63.171,4.9317,6,upstream,0.063046,0.051836,0.24361,0.73763,,running,0.015234,-0.0080078,8.6428,0.030664,-0.01167,16.991,0.053516,-0.0086426,25.266,0.075,-0.0046631,32.108,0.10469,0.0090332,36.87,0.14453,0.029102,42.221,0.17188,0.049219,47.62,0.19375,0.071484,54.09
137,151.99,9.1146,1.3798,1.2482,11,15,8.5971,1.8907,2.6547,0.32052,0.65274,63.847,5.292,6,upstream,0.065435,0.055655,0.26819,0.72719,,running,0.016504,-0.0080566,8.9639,0.032031,-0.011719,17.52,0.055859,-0.0083984,25.06,0.078125,-0.0042236,32.619,0.10859,0.010059,37.171,0.15078,0.030273,42.291,0.18047,0.050391,47.553,0.2,0.073047,54.221
138,152.33,9.1219,1.3996,1.2661,11,15,8.5971,1.8907,2.6547,0.311,0.64799,64.361,3.6381,6,upstream,0.05425,0.038175,0.2633,0.71876,,running,0.012109,-0.009668,9.849,0.023047,-0.014844,19.093,0.044727,-0.012793,27.86,0.062891,-0.0087891,35.903,0.090234,0.0057373,41.326,0.13047,0.02832,46.257,0.16016,0.050781,50.227,0.17734,0.073047,57.203
139,152.67,9.1289,1.4195,1.2838,11,15,8.5971,1.8907,2.6547,0.30138,0.64345,64.903,1.745,6,upstream,0.046662,0.018282,0.24906,0.71053,,running,0.0085938,-0.010107,10.148,0.018066,-0.016211,19.685,0.037305,-0.014746,28.532,0.053125,-0.011279,36.374,0.077734,0.0023682,42.852,0.11328,0.024316,48.109,0.13828,0.044727,52.496,0.15703,0.066797,57.995
140,153.01,9.1343,1.4362,1.2952,11,15,8.5971,1.8907,2.6547,0.29115,0.64063,65.56,3.7824,6,upstream,0.052849,0.039695,0.27101,0.70368,,running,0.011328,-0.009082,9.815,0.022461,-0.014258,17.993,0.04375,-0.011865,26.346,0.061328,-0.0081543,34.585,0.087891,0.0058105,40.326,0.125,0.027734,46.289,0.15078,0.049414,50.599,0.16563,0.071094,57.653
141,153.35,9.139,1.4516,1.3029,11,15,8.5971,1.8907,2.6547,0.27995,0.63883,66.336,1.8177,6,upstream,0.045257,0.019045,0.22976,0.69748,,running,0.0083008,-0.010938,11.31,0.016992,-0.016797,20.339,0.035352,-0.015918,29.909,0.051563,-0.011914,38.047,0.075391,0.0023926,44.113,0.10859,0.025781,50.128,0.13359,0.047852,54.6,0.15,0.06875,60.422
142,153.69,9.144,1.4678,1.3142,11,15,8.5971,1.8907,2.6547,0.27029,0.63627,66.984,1.5191,6,upstream,0.043375,0.015914,0.26247,0.6913,,running,0.0064941,-0.010889,11.585,0.015039,-0.017578,21.095,0.032813,-0.016602,31.026,0.048828,-0.012988,39.428,0.072266,0.0019165,45.539,0.10469,0.025977,51.828,0.12734,0.046094,55.396,0.14219,0.065625,61.379
143,154.03,9.148,1.4823,1.3205,11,15,8.5971,1.8907,2.6547,0.25917,0.63493,67.795,2.2699,6,upstream,0.044566,0.023789,0.2589,0.68578,,running,0.0074219,-0.010791,11.86,0.015234,-0.017383,21.586,0.033398,-0.016504,30.984,0.049023,-0.012988,39.993,0.074219,0.0029419,45.532,0.10703,0.027539,51.34,0.12969,0.048633,55.597,0.14453,0.069922,61.78
144,154.36,9.1519,1.4965,1.3266,11,15,8.5971,1.8907,2.6547,0.24834,0.63369,68.6,3.2715,6,upstream,0.046717,0.034315,0.27288,0.68061,,running,0.0084473,-0.010645,11.42,0.016992,-0.016504,21.095,0.035938,-0.015332,30.429,0.051953,-0.011523,39,0.077734,0.0044434,44.653,0.11172,0.029102,50.482,0.13672,0.050391,54.083,0.15391,0.073047,59.855
145,154.71,9.1559,1.511,1.3353,11,15,8.5971,1.8907,2.6547,0.2388,0.632,69.301,3.2159,6,upstream,0.046479,0.03373,0.25343,0.67561,,running,0.0091797,-0.010498,11.53,0.017188,-0.016602,21.479,0.036719,-0.014844,29.982,0.053125,-0.010938,38.509,0.077344,0.0043457,44.827,0.11094,0.028906,50.323,0.13516,0.05,54.492,0.15156,0.072266,59.613
146,155.05,9.1601,1.5261,1.3469,11,15,8.5971,1.8907,2.6547,0.23055,0.62986,69.895,0.023698,6,upstream,0.039844,0.00024816,0.25393,0.67073,,running,0.0062012,-0.011182,12.134,0.013477,-0.017773,22.62,0.029883,-0.017773,31.803,0.044922,-0.014844,41.413,0.066406,2.7466e-05,47.626,0.097656,0.024805,52.19,0.11875,0.04668,57.07,0.13359,0.069141,62.398
147,155.38,9.1638,1.5407,1.3559,11,15,8.5971,1.8907,2.6547,0.22115,0.62826,70.608,-0.5209,6,upstream,0.04008,-0.0054551,0.25355,0.66604,,running,0.0059082,-0.01123,11.64,0.013086,-0.017969,22.123,0.030078,-0.017773,31.293,0.045117,-0.014844,40.179,0.066797,-0.0006073,47.319,0.098047,0.023535,51.97,0.11953,0.044727,56.134,0.13281,0.066797,61.663
148,155.72,9.1665,1.5532,1.3557,11,15,8.5971,1.8907,2.6547,0.20819,0.6283,71.667,-1.6905,6,upstream,0.037985,-0.017711,0.2335,0.6619,,running,0.0044922,-0.012109,12.462,0.01123,-0.018945,22.94,0.027148,-0.019727,32.563,0.041797,-0.016797,42.274,0.063281,-0.0018677,47.994,0.092969,0.021973,52.677,0.11172,0.044336,57.082,0.125,0.067578,63.202
149,156.05,9.1692,1.5664,1.3527,11,15,8.5971,1.8907,2.6547,0.19282,0.62874,72.951,-1.8328,6,upstream,0.039161,-0.019202,0.25399,0.65765,,running,0.0053223,-0.011816,12.024,0.012012,-0.018555,22.298,0.028711,-0.018652,31.395,0.043555,-0.016406,41.231,0.065234,-0.0020874,47.121,0.095313,0.021777,51.184,0.11641,0.044531,56.345,0.13203,0.06875,62.516
150,156.4,9.172,1.5801,1.3462,11,15,8.5971,1.8907,2.6547,0.17478,0.62962,74.486,-6.9249,6,upstream,0.03329,-0.07305,0.26811,0.65342,,running,0.0032959,-0.012451,12.298,0.0084473,-0.019727,22.727,0.022656,-0.020508,31.544,0.035742,-0.019141,41.654,0.055078,-0.0066895,47.348,0.080469,0.013965,53.549,0.10156,0.036328,57.296,0.1125,0.057813,64.272
151,156.75,9.1745,1.593,1.3362,11,15,8.5971,1.8907,2.6547,0.15534,0.63074,76.165,-7.3323,6,upstream,0.032138,-0.077417,0.26511,0.64959,,running,0.0024902,-0.012598,12.189,0.0078613,-0.019434,22.692,0.021777,-0.020605,31.592,0.03457,-0.01875,41.091,0.053125,-0.0068359,46.824,0.075781,0.012402,53.289,0.096484,0.034375,56.942,0.11016,0.057813,64.163
152,157.09,9.1761,1.6048,1.311,11,15,8.5971,1.8907,2.6547,0.12758,0.63304,78.606,-9.192,6,upstream,0.030628,-0.097511,0.26355,0.64577,,running,0.0020874,-0.012305,11.75,0.0072266,-0.019336,21.866,0.021289,-0.021191,31.174,0.033594,-0.019434,41.042,0.050391,-0.0081543,47.026,0.072266,0.0095703,53.344,0.092969,0.032813,57.135,0.10469,0.055469,64.784
153,157.42,9.1779,1.6163,1.2833,11,15,8.5971,1.8907,2.6547,0.098492,0.63478,81.18,-7.3279,6,upstream,0.032846,-0.077369,0.24802,0.64238,,running,0.003125,-0.012207,11.805,0.0081543,-0.019336,22.19,0.022656,-0.020215,31.026,0.035742,-0.018457,41.091,0.054297,-0.0069824,47.521,0.077734,0.0125,53.704,0.1,0.035938,56.922,0.11563,0.059375,64.364
154,157.76,9.1798,1.6276,1.252,11,15,8.5971,1.8907,2.6547,0.067195,0.63582,83.967,-6.5154,6,upstream,0.03279,-0.068673,0.24897,0.63936,,running,0.0034912,-0.011426,10.869,0.0096191,-0.017871,20.556,0.023926,-0.018848,29.223,0.0375,-0.016797,38.62,0.054297,-0.0062012,45.185,0.077734,0.012891,51.34,0.098438,0.034375,55.519,0.11172,0.056641,63.678
155,158.09,9.1823,1.6385,1.2279,11,15,8.5971,1.8907,2.6547,0.040759,0.63591,86.333,-8.698,6,upstream,0.031772,-0.092145,0.24436,0.63722,,running,0.0029297,-0.012207,11.805,0.0084473,-0.019336,22.367,0.022363,-0.020801,31.799,0.034766,-0.019531,41.654,0.052344,-0.0080078,48.743,0.076172,0.011719,53.44,0.099219,0.034961,56.562,0.11328,0.058984,64.383
156,158.43,9.1852,1.6499,1.2025,11,15,8.5971,1.8907,2.6547,0.012898,0.63531,88.837,-9.7212,6,upstream,0.029843,-0.10328,0.26182,0.63545,,running,0.0023438,-0.012061,11.121,0.007373,-0.01875,20.886,0.020801,-0.02002,29.223,0.032031,-0.018848,38.418,0.049023,-0.0083984,45.185,0.070703,0.0084961,51.254,0.093359,0.030273,54.462,0.10703,0.051172,62.555
157,158.77,9.188,1.6611,1.1703,12,15,7.706,2.3624,2.1785,0.067925,1.6381,87.626,1.8487,6,upstream,0.049948,0.01937,0.23978,0.63388,,running,0.012354,-0.0091309,9.0344,0.022559,-0.014355,18.617,0.040625,-0.014746,28.478,0.060547,-0.0095703,35.621,0.083203,0.0026855,41.594,0.1125,0.023438,48.608,0.13828,0.045898,54.293,0.15391,0.06875,60.922
158,159.1,9.1919,1.6732,1.1453,12,15,7.706,2.3624,2.1785,0.014345,1.6379,89.498,2.2013,6,upstream,0.049959,0.023069,0.24478,1.638,,running,0.012109,-0.0092285,8.9934,0.023633,-0.013574,17.549,0.041602,-0.013281,26.027,0.060547,-0.0089355,33.555,0.083203,0.0031982,39.742,0.1125,0.021973,45.707,0.13516,0.041406,51.814,0.14375,0.060547,58.595
159,159.44,9.1991,1.6884,1.1522,12,15,7.706,2.3624,2.1785,0.0089172,1.6382,89.688,-1.0561,6,upstream,0.041726,-0.011061,0.25678,1.6382,,running,0.008252,-0.010352,9.6121,0.016895,-0.015332,18.25,0.032422,-0.016504,26.888,0.049609,-0.012207,34.174,0.069531,-0.0012817,40.711,0.091406,0.016113,47.319,0.11563,0.036719,53.858,0.12813,0.056641,61.098
160,159.78,9.2056,1.7023,1.1574,12,15,7.706,2.3624,2.1785,0.0021511,1.6384,89.925,0.45461,6,upstream,0.045001,0.0047608,0.25716,1.6384,,running,0.0095215,-0.010498,9.9487,0.018359,-0.015527,18.765,0.035352,-0.016309,27.636,0.053125,-0.011328,34.509,0.075,0.00059509,41.139,0.10078,0.019824,47.827,0.12734,0.041602,53.637,0.14375,0.063281,59.56
161,160.11,9.2113,1.7156,1.1549,12,15,7.706,2.3624,2.1785,-0.016537,1.6383,90.578,-0.75333,6,upstream,0.042894,-0.0078896,0.22672,1.6384,,running,0.0090332,-0.0104,9.7244,0.017383,-0.015723,18.984,0.033203,-0.017188,27.636,0.051172,-0.012109,34.101,0.071484,-0.00093994,40.902,0.096484,0.017969,47.862,0.12422,0.040234,53.44,0.13906,0.060938,60.079
162,160.45,9.2174,1.7294,1.1552,12,15,7.706,2.3624,2.1785,-0.03109,1.6383,91.087,-1.9017,6,upstream,0.041273,-0.019926,0.25464,1.6386,,running,0.0079102,-0.010986,10.005,0.015234,-0.016699,19.685,0.030664,-0.018652,29.02,0.048242,-0.013965,36.478,0.06875,-0.0022827,42.695,0.093359,0.017285,49.236,0.12031,0.040234,55.049,0.13437,0.060938,61.257
163,160.78,9.2231,1.7428,1.1515,12,15,7.706,2.3624,2.1785,-0.05166,1.638,91.806,-0.98369,6,upstream,0.042663,-0.010303,0.25882,1.6388,,running,0.0085449,-0.010791,9.8706,0.016504,-0.016016,19.312,0.032617,-0.017773,28.496,0.050391,-0.012891,35.595,0.071094,-0.0012207,42.357,0.096484,0.018457,48.366,0.12266,0.040625,54.197,0.1375,0.061719,60.711
164,161.12,9.2284,1.7552,1.1458,12,15,7.706,2.3624,2.1785,-0.074458,1.6373,92.604,0.81462,6,upstream,0.04688,0.0085315,0.26677,1.639,,running,0.010352,-0.010791,9.9818,0.018359,-0.01582,19.53,0.036133,-0.016797,28.269,0.055469,-0.011377,35.229,0.078125,0.0011108,41.186,0.10703,0.021094,46.757,0.13281,0.042969,52.038,0.14922,0.064844,58.582
165,161.46,9.2348,1.7696,1.1436,12,15,7.706,2.3624,2.1785,-0.093824,1.637,93.28,-0.58237,6,upstream,0.043596,-0.0060989,0.23046,1.6397,,running,0.0085938,-0.010986,10.34,0.015527,-0.016797,20.231,0.032227,-0.018457,29.435,0.050781,-0.013184,36.384,0.072656,-0.00073853,42.207,0.099219,0.02002,48.325,0.12578,0.042578,53.787,0.14141,0.064844,60.587
166,161.8,9.2409,1.7829,1.145,12,15,7.706,2.3624,2.1785,-0.10623,1.6372,93.712,-0.571,6,upstream,0.043362,-0.0059798,0.25612,1.6407,,running,0.0081543,-0.011328,10.426,0.015527,-0.016895,20.664,0.031641,-0.018555,29.332,0.05,-0.013379,36.579,0.072266,-0.00072021,42.39,0.099609,0.020313,48.489,0.12578,0.042383,54.083,0.14297,0.065234,60.271
167,162.13,9.247,1.7964,1.1429,12,15,7.706,2.3624,2.1785,-0.12446,1.6369,94.348,-0.37061,6,upstream,0.043595,-0.0038811,0.24531,1.6416,,running,0.0081543,-0.011084,10.315,0.01543,-0.016699,20.448,0.032422,-0.018262,29.124,0.050391,-0.012988,36.188,0.072656,-0.00046997,41.84,0.10156,0.020703,47.659,0.12891,0.042773,53.231,0.14375,0.064453,59.541
168,162.47,9.253,1.8099,1.1411,12,15,7.706,2.3624,2.1785,-0.14229,1.6365,94.969,1.1483,6,upstream,0.046416,0.012027,0.25232,1.6427,,running,0.009375,-0.010791,10.148,0.017871,-0.016016,19.904,0.034766,-0.017188,28.706,0.053906,-0.01167,35.311,0.077344,0.0015503,40.628,0.10781,0.022461,46.586,0.13594,0.045703,52.125,0.15313,0.067969,58.861
169,162.8,9.2593,1.8236,1.1412,12,15,7.706,2.3624,2.1785,-0.15718,1.6366,95.486,3.1244,6,upstream,0.053752,0.032767,0.25007,1.6441,,running,0.011621,-0.010498,10.148,0.021973,-0.015137,19.203,0.041211,-0.015137,28.269,0.062891,-0.0083984,34.953,0.089453,0.0048828,39.681,0.12344,0.026563,45.347,0.15391,0.051172,50.728,0.17266,0.075,57.708
170,163.14,9.2659,1.8374,1.1466,12,15,7.706,2.3624,2.1785,-0.16359,1.6377,95.704,2.9841,6,upstream,0.052337,0.031292,0.22051,1.6459,,running,0.01084,-0.010596,10.093,0.020703,-0.015137,19.093,0.039648,-0.015234,27.848,0.060938,-0.0087891,34.634,0.087109,0.004541,39.495,0.12031,0.025586,45.347,0.15156,0.05,50.954,0.16875,0.072656,57.472
171,163.47,9.2737,1.8535,1.1576,12,15,7.706,2.3624,2.1785,-0.16344,1.6401,95.691,0.89063,6,upstream,0.046177,0.0093278,0.26696,1.6482,,running,0.0088867,-0.011084,10.703,0.016504,-0.016602,20.448,0.033203,-0.017773,29.642,0.052344,-0.012451,37.064,0.076953,0.0011963,42.421,0.10781,0.022852,48.285,0.1375,0.046094,53.179,0.15469,0.067969,59.672
172,163.82,9.2809,1.8691,1.1669,12,15,7.706,2.3624,2.1785,-0.16537,1.6421,95.751,3.5606,6,upstream,0.053306,0.037359,0.25768,1.6504,,running,0.012158,-0.010498,10.148,0.021387,-0.015137,19.312,0.04043,-0.014941,27.953,0.061719,-0.0085449,35.229,0.088672,0.0055176,39.681,0.12188,0.026758,45.519,0.15391,0.050781,50.728,0.175,0.073828,56.79
173,164.16,9.2874,1.8838,1.172,12,15,7.706,2.3624,2.1785,-0.17308,1.6432,96.013,4.1156,6,upstream,0.055925,0.043209,0.24501,1.6523,,running,0.013379,-0.010107,9.7037,0.023926,-0.014063,18.508,0.044727,-0.013281,26.459,0.066406,-0.0070801,33.69,0.092969,0.0066895,38.622,0.12734,0.027148,44.478,0.15938,0.050781,49.345,0.17891,0.074219,55.76
174,164.49,9.2949,1.9002,1.1852,12,15,7.706,2.3624,2.1785,-0.16937,1.6461,95.874,4.4852,6,upstream,0.058068,0.047113,0.24253,1.6548,,running,0.014063,-0.0098633,9.5366,0.025195,-0.013379,17.96,0.04668,-0.012451,25.925,0.069141,-0.0060791,32.518,0.096484,0.0075684,37.659,0.13047,0.027344,43.243,0.16016,0.050781,49.56,0.18125,0.074219,55.899
175,164.82,9.3026,1.9174,1.2002,12,15,7.706,2.3624,2.1785,-0.16339,1.6494,95.658,5.2171,6,upstream,0.06025,0.054861,0.25611,1.6574,,running,0.014258,-0.0098633,9.8926,0.026563,-0.013086,18.435,0.048633,-0.012158,26.777,0.071094,-0.0051758,33.489,0.1,0.0091309,37.939,0.13594,0.029688,43.264,0.16797,0.053906,49.663,0.18516,0.075781,55.491
176,165.16,9.3098,1.9343,1.2159,12,15,7.706,2.3624,2.1785,-0.15589,1.6527,95.389,3.187,6,upstream,0.051642,0.033426,0.24916,1.66,,running,0.010254,-0.01084,10.396,0.02002,-0.015137,19.312,0.039062,-0.01543,28.601,0.058984,-0.009375,35.311,0.085938,0.0047852,40.495,0.11797,0.026172,46.927,0.14766,0.049219,52.583,0.16406,0.069531,58.102
177,165.5,9.3172,1.9522,1.2329,12,15,7.706,2.3624,2.1785,-0.14723,1.6561,95.08,4.6143,6,upstream,0.059725,0.048478,0.22704,1.6626,,running,0.013574,-0.0094727,9.4998,0.027148,-0.012695,18.104,0.048438,-0.012451,27.521,0.070703,-0.0063477,34.089,0.099219,0.0080078,38.811,0.13437,0.028516,44.827,0.16953,0.053125,50.287,0.19063,0.075781,56.176
178,165.83,9.3237,1.9691,1.2457,12,15,7.706,2.3624,2.1785,-0.14396,1.6586,94.961,3.7275,6,upstream,0.05543,0.039117,0.23821,1.6648,,running,0.012793,-0.010107,10.117,0.024707,-0.01377,18.617,0.043945,-0.014063,28.253,0.064844,-0.0081055,34.953,0.092188,0.0060059,40.052,0.12734,0.027539,46.029,0.16016,0.050781,51.116,0.18047,0.074609,57.51
179,166.17,9.3305,1.9874,1.2613,12,15,7.706,2.3624,2.1785,-0.13759,1.6616,94.734,2.9702,6,upstream,0.049754,0.031146,0.25782,1.6672,,running,0.010645,-0.010156,10.005,0.019922,-0.014746,19.356,0.038281,-0.015234,28.39,0.058203,-0.0095215,35.194,0.082813,0.0042969,41.139,0.11484,0.025977,47.827,0.14531,0.048828,52.98,0.16406,0.071484,59.165
180,166.5,9.3365,2.0044,1.2739,12,15,7.706,2.3624,2.1785,-0.13471,1.6639,94.629,1.0833,6,upstream,0.045711,0.011347,0.24423,1.6693,,running,0.0089355,-0.010791,10.508,0.016797,-0.016309,20.448,0.03418,-0.017383,29.775,0.053125,-0.011768,36.674,0.076172,0.0014404,42.723,0.10547,0.023438,49.616,0.13359,0.046289,54.375,0.15,0.067969,61.4
181,166.84,9.3416,2.0199,1.2827,12,15,7.706,2.3624,2.1785,-0.13631,1.6655,94.679,0.15899,6,upstream,0.042891,0.001665,0.25772,1.6711,,running,0.0072754,-0.011572,11.065,0.014355,-0.017188,21.095,0.03125,-0.018555,30.841,0.049219,-0.01377,37.939,0.071484,0.00019836,44.113,0.1,0.022266,49.939,0.12813,0.046094,55.62,0.14141,0.067969,62.646
182,167.18,9.3458,2.0336,1.2857,12,15,7.706,2.3624,2.1785,-0.14565,1.6661,94.996,1.4764,6,upstream,0.045484,0.015466,0.24591,1.6725,,running,0.0087891,-0.011035,10.675,0.016992,-0.016309,20.556,0.03457,-0.017188,30.085,0.053125,-0.011816,37.164,0.075781,0.0019531,43.061,0.10547,0.023633,49.453,0.13437,0.046484,53.787,0.15,0.068359,60.446
183,167.52,9.35,2.0478,1.2874,12,15,7.706,2.3624,2.1785,-0.15765,1.6664,95.404,1.0428,6,upstream,0.045476,0.010922,0.25666,1.6739,,running,0.0098145,-0.010938,11.065,0.017383,-0.016699,20.88,0.034766,-0.017383,30.085,0.053125,-0.012402,37.554,0.075781,0.0013794,42.905,0.10469,0.023047,49.236,0.13437,0.045898,53.679,0.15156,0.06875,59.908
184,167.85,9.3545,2.0624,1.2923,12,15,7.706,2.3624,2.1785,-0.1648,1.6675,95.644,2.2414,6,upstream,0.04738,0.02349,0.25067,1.6756,,running,0.0098633,-0.010596,10.62,0.018262,-0.015723,19.795,0.036328,-0.016016,29.043,0.055078,-0.010889,35.682,0.078906,0.0030884,41.28,0.10859,0.024121,47.348,0.13906,0.046484,51.499,0.15391,0.068359,58.768
185,168.19,9.359,2.0773,1.297,12,15,7.706,2.3624,2.1785,-0.17245,1.6685,95.901,2.104,6,upstream,0.048079,0.022048,0.25447,1.6774,,running,0.010498,-0.01084,10.37,0.018555,-0.015723,19.904,0.037109,-0.016016,28.938,0.055859,-0.010938,35.595,0.080078,0.0029419,41.654,0.11016,0.024121,48.032,0.13828,0.04668,52.98,0.15547,0.069141,59.579
186,168.52,9.3636,2.0926,1.3049,12,15,7.706,2.3624,2.1785,-0.17527,1.6703,95.99,1.6557,6,upstream,0.046895,0.017346,0.26397,1.6794,,running,0.0096191,-0.011035,10.843,0.017676,-0.016406,20.556,0.035742,-0.016699,29.435,0.053906,-0.011865,36.674,0.078125,0.0022583,42.541,0.10781,0.023828,49.073,0.13672,0.04668,54.083,0.15078,0.06875,61.622
187,168.85,9.3679,2.1071,1.3116,12,15,7.706,2.3624,2.1785,-0.17914,1.6718,96.116,0.89058,6,upstream,0.045709,0.0093273,0.25417,1.6814,,running,0.0088379,-0.011182,11.041,0.016016,-0.017188,21.095,0.03418,-0.017871,30.393,0.051563,-0.013184,37.554,0.076172,0.0011841,43.781,0.10547,0.023535,50.258,0.13203,0.04668,55.491,0.14688,0.069141,62.876
188,169.19,9.3721,2.1222,1.3169,12,15,7.706,2.3624,2.1785,-0.18606,1.673,96.346,0.86237,6,upstream,0.044771,0.0090318,0.25007,1.6833,,running,0.0083984,-0.011914,11.399,0.015137,-0.017871,21.738,0.032031,-0.018652,30.7,0.05,-0.013867,37.747,0.074609,0.001123,43.781,0.10391,0.02373,49.56,0.12891,0.04668,55.491,0.14375,0.069141,62.433
189,169.53,9.3761,2.1371,1.32,12,15,7.706,2.3624,2.1785,-0.19618,1.6738,96.685,-0.22862,6,upstream,0.043594,-0.0023942,0.24024,1.6852,,running,0.0080566,-0.011768,11.343,0.014648,-0.018066,21.738,0.031055,-0.019238,30.7,0.048828,-0.014746,38.13,0.072656,-0.00028992,44.301,0.099609,0.021875,50.037,0.125,0.044922,56.037,0.14062,0.067578,62.433
190,169.86,9.3799,2.1517,1.322,12,15,7.706,2.3624,2.1785,-0.20795,1.6743,97.08,-0.24167,6,upstream,0.044063,-0.0025308,0.2559,1.6871,,running,0.0086426,-0.011426,10.843,0.014941,-0.017773,21.694,0.031055,-0.018945,30.841,0.049219,-0.014551,37.939,0.073438,-0.00030975,44.124,0.10078,0.021289,50.037,0.12578,0.044141,56.037,0.14219,0.067187,62.879
191,170.2,9.3833,2.1652,1.3212,12,15,7.706,2.3624,2.1785,-0.22325,1.6741,97.596,-0.84017,6,upstream,0.041958,-0.0087992,0.23586,1.6889,,running,0.0075195,-0.011768,11.399,0.013086,-0.018457,22.23,0.02832,-0.020117,31.351,0.046289,-0.01543,38.811,0.069922,-0.0010254,44.648,0.096094,0.021387,50.416,0.12031,0.043945,56.447,0.13594,0.067187,62.646
192,170.53,9.3869,2.1796,1.3198,12,15,7.706,2.3624,2.1785,-0.2405,1.6737,98.177,-0.86017,6,upstream,0.041958,-0.0090087,0.24508,1.6908,,running,0.0076172,-0.011523,11.121,0.013281,-0.017969,21.801,0.029492,-0.019141,30.532,0.04668,-0.015137,38.24,0.069922,-0.0010498,44.293,0.095703,0.020508,50.416,0.12031,0.043359,55.76,0.13594,0.066406,62.646
193,170.87,9.3904,2.1935,1.3168,12,15,7.706,2.3624,2.1785,-0.25988,1.6728,98.831,0.494,6,upstream,0.045236,0.0051733,0.25061,1.6928,,running,0.0092285,-0.011133,10.898,0.016113,-0.016992,20.88,0.033984,-0.017383,29.228,0.052344,-0.012793,36.478,0.075391,0.00065002,42.541,0.10234,0.021973,49.939,0.12734,0.044727,55.352,0.14453,0.068359,62.213
194,171.2,9.394,2.2077,1.3149,12,15,7.706,2.3624,2.1785,-0.2775,1.6722,99.423,-0.52302,6,upstream,0.043127,-0.0054773,0.25583,1.6951,,running,0.0086426,-0.011035,10.787,0.015234,-0.01709,20.664,0.032227,-0.017969,29.358,0.049805,-0.01377,36.771,0.071875,-0.00065613,42.879,0.098047,0.020605,50.641,0.12266,0.042578,55.685,0.13906,0.065234,62.534
195,171.54,9.3976,2.2215,1.3159,12,15,7.706,2.3624,2.1785,-0.29024,1.6725,99.845,0.22145,6,upstream,0.044532,0.0023191,0.24477,1.6975,,running,0.0094727,-0.010791,10.843,0.016504,-0.016699,20.664,0.033984,-0.01748,29.148,0.051953,-0.012891,36.28,0.074219,0.00028687,42.695,0.10156,0.020996,49.939,0.12578,0.042969,55.337,0.14141,0.066016,62.534
196,171.88,9.4013,2.2359,1.3146,12,15,7.706,2.3624,2.1785,-0.30715,1.6721,100.41,0.16003,6,upstream,0.045235,0.0016758,0.24816,1.7,,running,0.0096191,-0.011133,11.065,0.016309,-0.01709,21.31,0.03418,-0.017969,29.982,0.052344,-0.012988,37.064,0.075391,0.00021057,42.905,0.10391,0.021973,50.037,0.12969,0.044531,55.491,0.14688,0.067187,61.775
197,172.21,9.4052,2.2505,1.3154,12,15,7.706,2.3624,2.1785,-0.32108,1.6723,100.87,1.051,6,upstream,0.047117,0.011008,0.24025,1.7029,,running,0.010596,-0.010889,11.232,0.017871,-0.016211,20.772,0.036328,-0.016602,29.642,0.055078,-0.011768,36.773,0.078516,0.0014404,42.241,0.10703,0.022754,49.505,0.13359,0.045117,54.548,0.15156,0.068359,61.017
198,172.55,9.4092,2.2656,1.3169,12,15,7.706,2.3624,2.1785,-0.33414,1.6729,101.3,1.7118,6,upstream,0.048303,0.017933,0.2438,1.7059,,running,0.010742,-0.010889,11.232,0.018066,-0.016211,20.88,0.037305,-0.016406,29.848,0.056641,-0.011133,36.678,0.080469,0.0024048,42.241,0.11016,0.024512,49.135,0.13516,0.046289,54.548,0.15391,0.069531,60.696
199,172.88,9.4134,2.281,1.3212,12,15,7.706,2.3624,2.1785,-0.34287,1.6746,101.57,0.29612,6,upstream,0.045704,0.003101,0.23776,1.7093,,running,0.0091309,-0.01123,11.288,0.015918,-0.01709,21.203,0.034375,-0.017285,30.291,0.052344,-0.012793,37.451,0.076172,0.00039368,43.442,0.10313,0.021582,50.728,0.12656,0.043164,55.899,0.14453,0.066406,62.218
200,173.22,9.4173,2.2956,1.3257,12,15,7.706,2.3624,2.1785,-0.35039,1.6764,101.81,-0.62478,6,upstream,0.045003,-0.0065431,0.26029,1.7126,,running,0.009082,-0.01123,11.121,0.016504,-0.016406,20.664,0.034375,-0.017676,29.539,0.051172,-0.013477,36.87,0.075,-0.00081787,43.264,0.10156,0.020215,50.35,0.12578,0.042578,55.76,0.14141,0.065234,62.096
201,173.56,9.4211,2.3106,1.3262,12,15,7.706,2.3624,2.1785,-0.36503,1.6766,102.28,0.14388,6,upstream,0.045938,0.0015067,0.25002,1.7159,,running,0.010889,-0.010693,10.508,0.018066,-0.015723,19.576,0.037109,-0.01582,28.179,0.053516,-0.012354,35.395,0.076563,0.00019226,41.654,0.10391,0.019922,49.073,0.12813,0.041797,54.611,0.14375,0.063672,61.837
202,173.9,9.4247,2.3256,1.3246,12,15,7.706,2.3624,2.1785,-0.38321,1.6759,102.88,0.6356,6,upstream,0.046878,0.0066564,0.25142,1.7191,,running,0.010352,-0.010889,10.675,0.018262,-0.016113,20.556,0.0375,-0.016309,29.332,0.054688,-0.012305,36.87,0.078125,0.0008667,42.571,0.10547,0.021387,49.879,0.12969,0.04375,55.069,0.14844,0.066797,62.096
203,174.23,9.4286,2.3408,1.3255,12,15,7.706,2.3624,2.1785,-0.39741,1.6763,103.34,1.8961,6,upstream,0.051356,0.019867,0.26031,1.7227,,running,0.012061,-0.010645,10.675,0.021484,-0.015234,19.747,0.041992,-0.014648,28.269,0.060938,-0.010205,36.098,0.085547,0.002832,41.553,0.11484,0.023926,48.814,0.14062,0.046484,54.262,0.16016,0.070312,61.458
204,174.57,9.4327,2.3565,1.3287,12,15,7.706,2.3624,2.1785,-0.40818,1.6777,103.67,2.19,6,upstream,0.051366,0.022951,0.25454,1.7267,,running,0.011865,-0.010742,10.62,0.020898,-0.01543,20.013,0.041406,-0.014844,28.269,0.060156,-0.010254,36.098,0.085547,0.0032715,41.049,0.11563,0.024414,48.489,0.14141,0.04707,53.865,0.16016,0.070312,61.35
205,174.91,9.4371,2.3732,1.3357,12,15,7.706,2.3624,2.1785,-0.41371,1.681,103.83,0.56122,6,upstream,0.046174,0.0058773,0.25763,1.7311,,running,0.0086914,-0.011426,11.343,0.016797,-0.01709,21.524,0.035547,-0.01748,30.7,0.052734,-0.012891,38.509,0.076953,0.00075378,43.971,0.10625,0.022754,51.263,0.13047,0.045508,56.31,0.14688,0.068359,63.105
206,175.24,9.4413,2.3895,1.3422,12,15,7.706,2.3624,2.1785,-0.41972,1.684,104,1.7899,6,upstream,0.050884,0.018753,0.24356,1.7355,,running,0.010938,-0.010791,11.288,0.019727,-0.016309,21.095,0.040234,-0.016309,30.46,0.059766,-0.010645,38.104,0.084766,0.0026489,43.305,0.11406,0.025195,50.287,0.14062,0.049023,55.776,0.15938,0.071094,61.716
207,175.58,9.4448,2.4042,1.345,12,15,7.706,2.3624,2.1785,-0.43002,1.6853,104.31,1.7234,6,upstream,0.050413,0.018055,0.25829,1.7393,,running,0.010205,-0.010986,11.065,0.019629,-0.016602,20.988,0.039648,-0.016309,30.358,0.058594,-0.011182,38.29,0.083984,0.0025269,43.479,0.11406,0.025195,49.764,0.13984,0.048242,55.107,0.15859,0.071094,61.147
208,175.91,9.4489,2.4208,1.3513,12,15,7.706,2.3624,2.1785,-0.43646,1.6884,104.49,0.98962,6,upstream,0.046648,0.010365,0.25203,1.7439,,running,0.0083984,-0.011719,11.768,0.016406,-0.017383,22.056,0.034766,-0.017773,31.507,0.053906,-0.012354,38.956,0.077734,0.0013428,44.155,0.10703,0.023926,51.266,0.13281,0.046875,55.776,0.15156,0.069922,61.814
209,176.25,9.4528,2.437,1.3568,12,15,7.706,2.3624,2.1785,-0.44386,1.6911,104.71,1.9924,6,upstream,0.049718,0.020877,0.23718,1.7484,,running,0.010107,-0.011035,11.177,0.019043,-0.016406,20.772,0.039062,-0.015918,29.614,0.058594,-0.010547,37.439,0.082813,0.0028809,43.305,0.11172,0.024512,49.764,0.13906,0.046875,54.829,0.15859,0.069531,60.852
210,176.58,9.4564,2.4527,1.3615,12,15,7.706,2.3624,2.1785,-0.45207,1.6934,104.95,2.1031,6,upstream,0.050894,0.022038,0.23822,1.7527,,running,0.010986,-0.010791,10.787,0.020117,-0.016016,20.395,0.040234,-0.016016,29.818,0.060156,-0.01001,37.729,0.084766,0.0031128,43.479,0.1125,0.024609,50.593,0.14062,0.04707,55.107,0.1625,0.070703,61.61
211,176.92,9.4599,2.4681,1.3682,12,15,7.706,2.3624,2.1785,-0.45642,1.6968,105.06,-0.41904,6,upstream,0.044064,-0.0043883,0.24861,1.7571,,running,0.0078125,-0.01167,11.842,0.014355,-0.018359,22.479,0.032031,-0.018848,31.807,0.050391,-0.01377,40.11,0.073438,-0.00053711,46.183,0.099609,0.021289,52.606,0.12188,0.043164,58.25,0.13828,0.064844,64.933
212,177.25,9.4635,2.4843,1.3734,12,15,7.706,2.3624,2.1785,-0.46415,1.6995,105.28,0.11601,6,upstream,0.044766,0.0012148,0.26877,1.7617,,running,0.0085449,-0.011426,11.454,0.015625,-0.017578,21.738,0.033594,-0.018164,31.307,0.051563,-0.013086,39.56,0.074609,0.00015106,45.339,0.10234,0.02168,52.314,0.12656,0.04375,57.892,0.14297,0.065234,64.294
213,177.59,9.4664,2.4991,1.3723,12,15,7.706,2.3624,2.1785,-0.4811,1.6989,105.81,1.2662,6,upstream,0.048059,0.013263,0.2531,1.7657,,running,0.0095703,-0.011084,11.121,0.018262,-0.016602,21.144,0.036914,-0.01709,30.662,0.055859,-0.011523,38.585,0.080078,0.00177,44.326,0.10938,0.023535,51.116,0.13359,0.045703,56.443,0.15234,0.067578,62.793
214,177.93,9.4695,2.5142,1.3737,12,15,7.706,2.3624,2.1785,-0.49426,1.6996,106.21,2.8206,6,upstream,0.052094,0.029573,0.25622,1.77,,running,0.01084,-0.011328,11.676,0.019824,-0.016602,21.357,0.040234,-0.016016,30.725,0.060547,-0.0095703,39.026,0.086719,0.0042725,43.838,0.11797,0.02832,50.072,0.14453,0.051172,55.784,0.16641,0.073828,61.446
215,178.26,9.473,2.5304,1.3795,12,15,7.706,2.3624,2.1785,-0.50088,1.7028,106.39,3.4171,6,upstream,0.052594,0.035847,0.26305,1.7749,,running,0.011426,-0.011084,11.288,0.02002,-0.016504,21.144,0.041016,-0.016016,30.725,0.061328,-0.0093262,39.026,0.0875,0.0052246,43.995,0.11953,0.029102,49.918,0.14609,0.051953,55.651,0.17031,0.075781,61.24
216,178.6,9.4767,2.5475,1.39,12,15,7.706,2.3624,2.1785,-0.50043,1.7086,106.32,3.4701,6,upstream,0.055179,0.036405,0.25258,1.7804,,running,0.012598,-0.0104,10.647,0.023047,-0.015234,19.855,0.044727,-0.014453,29.511,0.064453,-0.0085938,37.439,0.091797,0.0055664,42.628,0.125,0.02832,48.769,0.15391,0.050781,53.514,0.175,0.073438,59.504
217,178.94,9.4802,2.5638,1.4015,12,15,7.706,2.3624,2.1785,-0.49745,1.7149,106.18,3.4856,6,upstream,0.055415,0.036569,0.26572,1.7856,,running,0.013379,-0.010107,10.62,0.02373,-0.01543,20.343,0.045313,-0.014355,29.281,0.065234,-0.0084473,37.34,0.092188,0.0056152,42.129,0.125,0.027344,47.4,0.15313,0.050391,52.788,0.175,0.073828,58.605
218,179.27,9.4838,2.582,1.4139,12,15,7.706,2.3624,2.1785,-0.49463,1.7217,106.03,5.292,6,upstream,0.065435,0.055655,0.23893,1.7913,,running,0.017285,-0.0089355,9.4998,0.030664,-0.012891,18.835,0.054688,-0.011133,26.984,0.077734,-0.0042725,34.146,0.10859,0.010059,38.509,0.14453,0.03125,44.318,0.17734,0.055859,50.528,0.20156,0.080469,56.439
219,179.61,9.4874,2.601,1.428,12,15,7.706,2.3624,2.1785,-0.48964,1.7293,105.81,2.0991,6,upstream,0.05019,0.021997,0.26377,1.7973,,running,0.011182,-0.010303,10.315,0.019727,-0.016016,20.717,0.040234,-0.01582,29.848,0.058984,-0.010254,37.25,0.083594,0.003064,42.778,0.11484,0.024805,48.122,0.14219,0.04668,52.883,0.16094,0.06875,58.826
220,179.95,9.491,2.6215,1.4445,12,15,7.706,2.3624,2.1785,-0.48177,1.7382,105.49,0.28035,6,upstream,0.044532,0.0029359,0.23118,1.8037,,running,0.0085938,-0.011328,10.843,0.01543,-0.017383,21.31,0.034766,-0.017285,29.539,0.051563,-0.012695,36.773,0.074219,0.00036316,43.085,0.10313,0.022559,49.399,0.12734,0.043945,54.638,0.14219,0.064844,60.615
221,180.28,9.4933,2.6377,1.4501,12,15,7.706,2.3624,2.1785,-0.48843,1.7411,105.67,1.3337,6,upstream,0.046888,0.01397,0.23713,1.8084,,running,0.0098145,-0.011084,11.42,0.018164,-0.017285,21.844,0.037891,-0.016992,30.763,0.055469,-0.011963,37.813,0.078125,0.0018188,43.81,0.10781,0.024609,49.663,0.13359,0.047461,55.211,0.14688,0.067969,60.982
222,180.62,9.4951,2.652,1.452,12,15,7.706,2.3624,2.1785,-0.49953,1.7422,106,-0.17354,6,upstream,0.043828,-0.0018173,0.27026,1.8124,,running,0.0078613,-0.011523,11.565,0.015137,-0.018066,22.268,0.033984,-0.018164,30.863,0.051563,-0.013379,37.917,0.073047,-0.00022125,44.31,0.10078,0.022266,49.879,0.125,0.044531,55.193,0.13906,0.065234,61.289
223,180.95,9.4971,2.6675,1.4558,12,15,7.706,2.3624,2.1785,-0.50862,1.7443,106.26,0.77644,6,upstream,0.045942,0.0081316,0.26383,1.8169,,running,0.0091797,-0.011084,11.01,0.016797,-0.01748,21.95,0.036328,-0.01748,31.004,0.054297,-0.012451,37.917,0.076563,0.0010376,43.796,0.10547,0.02334,49.72,0.12813,0.045117,55.337,0.14141,0.066016,61.869
224,181.29,9.4988,2.6824,1.4559,12,15,7.706,2.3624,2.1785,-0.52354,1.7443,106.71,1.6671,6,upstream,0.047833,0.017466,0.2609,1.8212,,running,0.010254,-0.010791,10.731,0.018359,-0.016895,21.251,0.039062,-0.016211,30.155,0.05625,-0.011475,38.104,0.079688,0.0023193,43.81,0.11016,0.025,49.345,0.13359,0.047461,55.479,0.14609,0.067969,61.869
225,181.62,9.5008,2.698,1.4593,12,15,7.706,2.3624,2.1785,-0.53323,1.7463,106.98,2.9378,6,upstream,0.051161,0.030805,0.24426,1.8259,,running,0.011719,-0.010352,10.285,0.020215,-0.015918,20.61,0.041992,-0.014648,28.582,0.060547,-0.0095703,36.486,0.085156,0.0043701,42.241,0.11719,0.027344,47.626,0.14375,0.050391,53.679,0.15781,0.071094,59.886
226,181.96,9.5028,2.7132,1.4658,12,15,7.706,2.3624,2.1785,-0.53723,1.7501,107.06,4.1754,6,upstream,0.05593,0.043841,0.25711,1.8307,,running,0.013672,-0.010059,9.7805,0.02334,-0.014941,19.53,0.046484,-0.012988,27.415,0.066797,-0.0075684,35.149,0.092969,0.0067871,40.365,0.12734,0.029102,46.226,0.15625,0.053516,52.341,0.17266,0.076172,58.489
227,182.29,9.5051,2.7305,1.4771,12,15,7.706,2.3624,2.1785,-0.53484,1.7567,106.93,2.5232,6,upstream,0.050909,0.026449,0.26132,1.8363,,running,0.011328,-0.010449,10.508,0.019629,-0.016406,20.772,0.041211,-0.015039,28.478,0.059766,-0.0099121,36.293,0.084766,0.0037354,42.241,0.11563,0.025781,48.16,0.14375,0.048633,53.531,0.16172,0.070312,59.421
228,182.63,9.5073,2.7487,1.4908,12,15,7.706,2.3624,2.1785,-0.52895,1.7647,106.69,2.3327,6,upstream,0.052544,0.024449,0.23631,1.8423,,running,0.012793,-0.0099121,10.005,0.021289,-0.015625,19.747,0.044141,-0.014063,27.731,0.062891,-0.0095215,35.538,0.0875,0.0035645,41.049,0.11719,0.024023,47.263,0.14453,0.046875,52.829,0.16406,0.069922,58.606
229,182.96,9.5091,2.7659,1.4996,12,15,7.706,2.3624,2.1785,-0.53072,1.7698,106.69,2.0651,6,upstream,0.051831,0.021639,0.24488,1.8477,,running,0.012158,-0.01001,10.061,0.020215,-0.016309,20.556,0.041602,-0.015527,28.582,0.060547,-0.010596,36.203,0.086328,0.0031128,42.06,0.11484,0.024121,48.697,0.14062,0.046484,53.531,0.16172,0.06875,58.798
230,183.3,9.5106,2.7824,1.5072,12,15,7.706,2.3624,2.1785,-0.53385,1.7742,106.75,3.3414,6,upstream,0.05705,0.035051,0.25067,1.8528,,running,0.015625,-0.0090332,9.7244,0.024805,-0.014844,19.638,0.048047,-0.013672,28.269,0.067187,-0.0084961,35.731,0.094922,0.005542,40.681,0.12422,0.025586,46.95,0.15,0.048242,51.97,0.17031,0.069531,56.554
231,183.63,9.5121,2.8001,1.5156,12,15,7.706,2.3624,2.1785,-0.5368,1.7791,106.79,4.2514,6,upstream,0.062046,0.044643,0.25655,1.8584,,running,0.019043,-0.0078613,8.5421,0.029883,-0.013184,18.104,0.054297,-0.011084,26.139,0.075,-0.0062988,33.425,0.10313,0.007666,38.66,0.13359,0.025977,44.275,0.15938,0.048438,49.399,0.17969,0.070312,55.386
232,183.96,9.5136,2.8196,1.5282,12,15,7.706,2.3624,2.1785,-0.53367,1.7866,106.63,3.0533,6,upstream,0.054452,0.032019,0.25277,1.8646,,running,0.014844,-0.0092773,10.005,0.02373,-0.015527,19.855,0.046484,-0.01416,28.253,0.065234,-0.0087891,35.923,0.090625,0.004834,41.231,0.11953,0.026172,47.626,0.14297,0.048438,53.13,0.16875,0.073047,58.151
233,184.3,9.515,2.8385,1.5416,12,15,7.706,2.3624,2.1785,-0.52872,1.7943,106.42,4.9582,6,upstream,0.063048,0.052117,0.24416,1.8706,,running,0.019043,-0.0084961,9.4436,0.031836,-0.012891,18.726,0.056641,-0.010449,26.775,0.078125,-0.0047119,33.69,0.10469,0.009082,39.188,0.13594,0.029297,45.176,0.16328,0.052344,50.482,0.18594,0.075,56.174
234,184.63,9.5161,2.8573,1.554,12,15,7.706,2.3624,2.1785,-0.5252,1.8015,106.25,3.3708,6,upstream,0.057052,0.03536,0.2378,1.8765,,running,0.014453,-0.0092773,10.005,0.025781,-0.014746,19.53,0.048828,-0.013086,27.742,0.069531,-0.0079102,34.484,0.094922,0.0055908,40.495,0.12734,0.025977,46.067,0.15156,0.048828,51.97,0.16328,0.069531,58.417
235,184.97,9.517,2.8778,1.5702,12,15,7.706,2.3624,2.1785,-0.51652,1.8107,105.92,5.1558,6,upstream,0.066833,0.05421,0.26753,1.8829,,running,0.019824,-0.008252,8.937,0.033984,-0.012305,18.435,0.060156,-0.009375,26.037,0.081641,-0.0043945,33.299,0.11094,0.01001,38.622,0.14453,0.028711,43.243,0.17344,0.052734,48.697,0.19141,0.075,54.948
236,185.32,9.5176,2.8975,1.5834,12,15,7.706,2.3624,2.1785,-0.51214,1.8182,105.73,3.5616,6,upstream,0.056829,0.037369,0.25388,1.889,,running,0.014941,-0.0092285,9.9487,0.025391,-0.014941,20.122,0.049023,-0.013184,28.373,0.067578,-0.0081543,35.816,0.094531,0.0058838,41.326,0.12813,0.025977,46.45,0.15234,0.049023,51.582,0.16563,0.069141,57.913
237,185.65,9.518,2.9192,1.6007,12,15,7.706,2.3624,2.1785,-0.50227,1.8278,105.36,-0.17929,6,upstream,0.043594,-0.0018775,0.25621,1.8956,,running,0.0090332,-0.011279,11.454,0.015625,-0.018164,22.23,0.034766,-0.018066,31.498,0.05,-0.014746,39.56,0.072656,-0.00022736,46.054,0.10156,0.020215,50.55,0.12422,0.042578,55.654,0.13359,0.060156,62.266
238,185.99,9.5178,2.9373,1.6106,12,15,7.706,2.3624,2.1785,-0.50233,1.8333,105.32,-1.5074,6,upstream,0.040092,-0.015791,0.25335,1.9008,,running,0.0064453,-0.01123,11.288,0.012891,-0.018945,22.123,0.030664,-0.018359,30.466,0.045703,-0.015332,38.66,0.066797,-0.0017578,45.553,0.092578,0.017188,50.932,0.11406,0.038672,56.689,0.11875,0.053906,64.295
239,186.32,9.5172,2.9518,1.6088,12,15,7.706,2.3624,2.1785,-0.52013,1.8323,105.85,-6.5198,6,upstream,0.033026,-0.06872,0.22615,1.9047,,running,0.0021484,-0.012451,11.953,0.0081055,-0.020313,22.727,0.022852,-0.020801,31.218,0.036523,-0.018555,40.132,0.054688,-0.00625,48.764,0.074609,0.010596,54.763,0.094141,0.031055,58.65,0.10078,0.045703,64.586
240,186.66,9.5162,2.9642,1.599,12,15,7.706,2.3624,2.1785,-0.55051,1.8265,106.77,-0.66146,6,upstream,0.04219,-0.0069272,0.25359,1.9077,,running,0.0072754,-0.01084,11.288,0.01416,-0.018164,21.541,0.033203,-0.01709,29.197,0.048828,-0.01416,37.875,0.070312,-0.00081177,45.185,0.09375,0.016406,50.673,0.11563,0.037305,55.435,0.12266,0.053516,62.081
241,186.99,9.5151,2.9766,1.5796,12,15,7.706,2.3624,2.1785,-0.59813,1.8144,108.24,1.5508,6,upstream,0.047361,0.016246,0.29044,1.9105,,running,0.012695,-0.0085449,8.8243,0.02002,-0.015332,18.915,0.041406,-0.013867,26.455,0.057031,-0.010596,34.457,0.078906,0.0021362,41.871,0.10547,0.020313,48.013,0.12578,0.04043,53.241,0.1375,0.058594,59.345
242,187.36,9.5149,2.9921,1.5786,12,15,7.706,2.3624,2.1785,-0.61555,1.8138,108.75,5.9309,6,upstream,0.069748,0.062443,0.26995,1.9154,,running,0.022949,-0.0071777,7.9764,0.037305,-0.010693,17.326,0.066406,-0.0069336,23.819,0.087109,-0.002478,31.395,0.11563,0.012012,36.374,0.15156,0.030859,41.57,0.17969,0.054688,48.07,0.2,0.076563,53.936
243,187.7,9.5151,3.0092,1.5868,12,15,7.706,2.3624,2.1785,-0.61781,1.8192,108.76,1.8772,6,upstream,0.048073,0.019668,0.25869,1.9213,,running,0.0125,-0.0094238,10.229,0.021094,-0.015527,19.685,0.042578,-0.013867,27.324,0.057813,-0.011035,35.794,0.080078,0.0026245,42.852,0.11016,0.022461,47.936,0.13281,0.04375,52.757,0.14219,0.061328,59.15
244,188.03,9.5155,3.0313,1.6055,12,15,7.706,2.3624,2.1785,-0.60576,1.8316,108.3,-0.22257,6,upstream,0.042422,-0.0023308,0.25863,1.9291,,running,0.0092773,-0.010254,10.564,0.015625,-0.017676,21.263,0.035156,-0.016504,29.836,0.049609,-0.014063,39.046,0.070703,-0.00027466,45.915,0.096875,0.019043,51.504,0.11719,0.040625,56.539,0.12656,0.056641,61.577
245,188.37,9.5151,3.047,1.6104,12,15,7.706,2.3624,2.1785,-0.61254,1.8348,108.46,3.0619,6,upstream,0.052106,0.03211,0.2539,1.9343,,running,0.012109,-0.0092285,9.6683,0.02168,-0.015234,19.246,0.044141,-0.013281,27.324,0.061719,-0.0089844,35.395,0.086719,0.0046387,41.379,0.11719,0.023438,46.69,0.13906,0.043359,51.858,0.14766,0.060156,58.054
246,188.71,9.5146,3.0621,1.6122,12,15,7.706,2.3624,2.1785,-0.62424,1.8361,108.78,1.6305,6,upstream,0.047363,0.017082,0.24448,1.9393,,running,0.011377,-0.0089844,9.2749,0.019629,-0.015039,18.733,0.040039,-0.014063,26.455,0.05625,-0.010547,34.951,0.078906,0.0022461,41.831,0.10625,0.020801,48.276,0.125,0.040234,54.562,0.13359,0.055078,60.579
247,189.04,9.5143,3.0792,1.6218,12,15,7.706,2.3624,2.1785,-0.62371,1.8425,108.7,-5.4051,6,upstream,0.033901,-0.056855,0.23357,1.9452,,running,0.0042969,-0.010547,9.9714,0.011084,-0.017285,19.447,0.025781,-0.018066,27.587,0.039062,-0.016699,37.405,0.05625,-0.0053223,46.202,0.075391,0.0097656,54.36,0.092188,0.029102,59.938,0.10078,0.045508,66.085
248,189.37,9.5136,3.0932,1.6216,12,15,7.706,2.3624,2.1785,-0.63813,1.8423,109.1,-2.0067,6,upstream,0.038696,-0.021027,0.24577,1.9497,,running,0.0071289,-0.0098145,9.9714,0.01416,-0.016895,19.781,0.031445,-0.016504,28.021,0.045313,-0.014453,37.6,0.064453,-0.0022583,45.196,0.0875,0.015137,52.734,0.10313,0.032813,58.276,0.11172,0.048828,63.838
249,189.71,9.5122,3.1055,1.6049,12,15,7.706,2.3624,2.1785,-0.68114,1.8305,110.41,4.6627,6,upstream,0.066313,0.04899,0.23117,1.9531,,running,0.020117,-0.0066406,7.7548,0.034961,-0.01084,16.767,0.061328,-0.0082031,24.404,0.081641,-0.0043213,31.745,0.11016,0.0089844,36.142,0.13984,0.024805,42.51,0.16484,0.045313,48.366,0.17813,0.061719,53.973
250,190.05,9.5117,3.1211,1.6041,12,15,7.706,2.3624,2.1785,-0.69816,1.83,110.88,3.5029,6,upstream,0.05706,0.036751,0.23893,1.9586,,running,0.016699,-0.0069336,7.693,0.028516,-0.011914,16.091,0.052344,-0.010107,24.138,0.070703,-0.0061523,30.835,0.094922,0.0058105,37.733,0.11953,0.020703,45,0.13828,0.0375,50.835,0.15,0.051172,55.974
251,190.38,9.5116,3.1423,1.6194,12,15,7.706,2.3624,2.1785,-0.69121,1.8414,110.58,1.9361,6,upstream,0.048778,0.020286,0.22865,1.9668,,running,0.011572,-0.0077148,8.0897,0.020898,-0.014063,16.654,0.041992,-0.012109,23.86,0.057422,-0.009668,32.281,0.08125,0.0027466,39.735,0.10391,0.018555,48.462,0.12109,0.034766,55.081,0.13359,0.050781,59.897
252,190.71,9.5112,3.1595,1.6295,12,15,7.706,2.3624,2.1785,-0.68975,1.8488,110.46,4.0567,6,upstream,0.06626,0.042589,0.24329,1.9733,,running,0.020898,-0.0055176,6.0706,0.034961,-0.009668,14.094,0.061719,-0.0060059,20.44,0.082031,-0.003418,26.911,0.11016,0.0078125,32.239,0.13281,0.021094,41.513,0.15469,0.038086,47.583,0.17344,0.053125,51.895
253,191.05,9.5105,3.1771,1.6382,12,15,7.706,2.3624,2.1785,-0.69141,1.8552,110.44,4.9221,6,upstream,0.080923,0.051735,0.24079,1.9799,,running,0.02793,-0.0048096,5.6134,0.047852,-0.0071289,12.542,0.080469,-0.003125,18.551,0.10313,0.00027161,24.624,0.13437,0.011572,29.678,0.1625,0.025586,37.093,0.1875,0.043945,43.363,0.20469,0.060547,47.06
254,191.38,9.5095,3.2006,1.6535,12,15,7.706,2.3624,2.1785,-0.6863,1.8666,110.19,2.9153,6,upstream,0.057027,0.030569,0.25905,1.9887,,running,0.016504,-0.0060791,6.812,0.030078,-0.01084,13.806,0.054297,-0.0076172,21.211,0.070703,-0.0056885,29.615,0.094922,0.004834,36.533,0.11719,0.017578,44.789,0.13281,0.033203,50.876,0.13906,0.045117,56
255,191.72,9.508,3.2259,1.6694,12,15,7.706,2.3624,2.1785,-0.68197,1.8782,109.96,3.2365,6,upstream,0.054227,0.033947,0.2453,1.9982,,running,0.014746,-0.0061035,6.356,0.026172,-0.01123,13.863,0.048633,-0.0087891,20.314,0.066016,-0.0057617,28.009,0.090234,0.0051025,34.658,0.11172,0.016309,43.464,0.12813,0.030469,49.399,0.13594,0.040625,53.197
256,192.06,9.5066,3.2447,1.6801,12,15,7.706,2.3624,2.1785,-0.68063,1.8861,109.84,0.59444,6,upstream,0.044299,0.0062253,0.25452,2.0051,,running,0.011768,-0.00625,6.0992,0.020215,-0.011328,12.516,0.039844,-0.010156,19.065,0.053125,-0.0084473,26.822,0.073828,0.00076599,34.179,0.092578,0.010352,44.37,0.10781,0.02207,51.34,0.11875,0.031055,53.902
257,192.4,9.505,3.262,1.6894,12,15,7.706,2.3624,2.1785,-0.68053,1.8928,109.78,2.3449,6,upstream,0.054421,0.024576,0.23924,2.0114,,running,0.016992,-0.0048584,4.6967,0.027539,-0.0092285,10.945,0.050391,-0.0071777,17.386,0.065625,-0.0055176,24.176,0.090625,0.0037109,29.726,0.11094,0.011523,37.816,0.12422,0.022461,45.126,0.13359,0.028516,46.442
258,192.74,9.5034,3.2769,1.6929,12,15,7.706,2.3624,2.1785,-0.6887,1.8954,109.97,3.1843,6,upstream,0.061971,0.033398,0.23133,2.0167,,running,0.020898,-0.0048584,5.0694,0.033984,-0.0083496,11.671,0.058984,-0.0057373,18.394,0.075781,-0.0033203,24.87,0.10313,0.0057373,30.129,0.125,0.015234,36.87,0.13984,0.027734,43.55,0.15078,0.033789,45.386
259,193.07,9.5015,3.2957,1.7021,12,15,7.706,2.3624,2.1785,-0.69027,1.9022,109.94,3.9785,6,upstream,0.062494,0.041763,0.24769,2.0236,,running,0.020898,-0.0059082,6.436,0.03418,-0.0097168,14.266,0.061719,-0.0063477,21.663,0.077734,-0.0033936,28.879,0.10391,0.0072266,34.854,0.12891,0.02041,42.032,0.14922,0.037109,47.705,0.15938,0.047656,50.793
260,193.41,9.4992,3.3164,1.7141,12,15,7.706,2.3624,2.1785,-0.68807,1.9111,109.8,4.0691,6,upstream,0.057802,0.042719,0.25831,2.0312,,running,0.017676,-0.00625,7.0397,0.029688,-0.010986,14.492,0.055469,-0.0074707,21.381,0.071484,-0.0044189,29.017,0.096094,0.0068359,35.177,0.12109,0.02041,43.315,0.14375,0.036328,47.643,0.15938,0.048242,49.899
261,193.74,9.4969,3.3369,1.7284,12,15,7.706,2.3624,2.1785,-0.68126,1.9216,109.52,4.8897,6,upstream,0.066335,0.051392,0.25166,2.0388,,running,0.022656,-0.0056885,6.6126,0.036719,-0.0096191,14.776,0.064453,-0.0059326,22.095,0.083203,-0.0026123,30.51,0.11016,0.0094238,35.584,0.13984,0.023926,41.987,0.16641,0.043164,47.49,0.18125,0.057813,50.194
262,194.08,9.4943,3.3568,1.7438,12,15,7.706,2.3624,2.1785,-0.67174,1.9328,109.16,3.9343,6,upstream,0.058497,0.041298,0.25627,2.0462,,running,0.018457,-0.0061768,7.3524,0.029492,-0.010986,15.24,0.053906,-0.008252,23.345,0.070703,-0.0049072,31.515,0.097266,0.0066895,37.204,0.12422,0.019727,43.126,0.14297,0.035742,49.415,0.15938,0.048047,51.915
263,194.42,9.4913,3.378,1.7603,12,15,7.706,2.3624,2.1785,-0.66111,1.9446,108.78,4.8631,6,upstream,0.072919,0.05111,0.2417,2.0539,,running,0.026563,-0.0045898,6.1196,0.042383,-0.0075195,13.291,0.073438,-0.0036133,20.213,0.09375,-0.00032959,27.824,0.12109,0.010303,32.817,0.15234,0.023633,39.094,0.17656,0.042188,45.431,0.18828,0.054688,48.903
264,194.76,9.4882,3.3973,1.7744,12,15,7.706,2.3624,2.1785,-0.65321,1.9546,108.48,3.5763,6,upstream,0.082191,0.037524,0.24898,2.0609,,running,0.032227,-0.0029541,4.3007,0.052734,-0.0046631,9.5204,0.088281,-0.0014526,15.364,0.10938,0.00077209,20.679,0.13672,0.0085449,25.813,0.16719,0.017969,30.041,0.18906,0.032422,37.25,0.20625,0.041016,38.064
265,195.09,9.4837,3.422,1.7908,12,15,7.706,2.3624,2.1785,-0.64612,1.9661,108.19,2.721,6,upstream,0.067576,0.028526,0.26856,2.0695,,running,0.024707,-0.0033203,3.6053,0.040039,-0.0064453,9.2062,0.069922,-0.0030762,15.144,0.088281,-0.0016846,20.999,0.1125,0.0053467,26.03,0.13906,0.012891,31.399,0.15078,0.02373,38.823,0.16563,0.03125,40.662
266,195.45,9.478,3.4496,1.8036,12,15,7.706,2.3624,2.1785,-0.6491,1.975,108.19,3.4732,6,upstream,0.081243,0.036439,0.25633,2.0789,,running,0.03125,-0.0031494,3.4603,0.050781,-0.0051758,8.6602,0.086719,-0.0015747,13.675,0.10781,0.00064392,19.017,0.13516,0.0082031,23.693,0.16641,0.018359,28.443,0.18828,0.032227,35.202,0.2,0.041406,38.633
267,195.78,9.4729,3.4728,1.8139,12,15,7.706,2.3624,2.1785,-0.65239,1.9822,108.22,2.9725,6,upstream,0.12486,0.038865,0.26637,2.0868,,running,0.050391,-0.0022583,2.6623,0.083594,-0.003064,5.985,0.13437,0.00039063,8.6139,0.17188,0.0031738,11.605,0.20781,0.010791,15.249,0.25,0.021094,17.875,0.28906,0.037305,22.708,0.3125,0.046094,25.233
268,196.13,9.4662,3.5015,1.8265,12,15,7.706,2.3624,2.1785,-0.65689,1.9911,108.26,1.9595,6,upstream,0.10881,0.022329,0.25358,2.0966,,running,0.04375,-0.0023438,1.6969,0.074219,-0.0032715,5.0238,0.11875,-0.00089111,7.5198,0.14688,0.0002594,9.7366,0.18125,0.0062012,12.153,0.22188,0.014746,15.166,0.25156,0.02793,20.628,0.27813,0.037891,23.448
269,196.46,9.4562,3.5413,1.8384,12,15,7.706,2.3624,2.1785,-0.67409,1.9996,108.63,4.7961,6,upstream,0.20603,0.10348,0.22171,2.1102,,running,0.074219,-0.0019897,3.2954,0.13203,0.00032043,5.9941,0.20625,0.0069336,9.0085,0.27188,0.014941,12.225,0.34219,0.028711,15.524,0.40313,0.048438,18.733,0.47813,0.074609,22.259,0.54375,0.094141,22.874
270,196.8,9.4462,3.5794,1.8525,12,15,7.706,2.3624,2.1785,-0.68523,2.0099,108.83,5.4623,6,upstream,0.18836,0.10774,0.25491,2.1235,,running,0.067969,-0.0024048,3.8593,0.11953,-0.00031128,7.2956,0.19063,0.0071777,10.704,0.25,0.015039,14.432,0.3125,0.029883,18.095,0.37031,0.050391,21.957,0.4375,0.078516,25.611,0.50313,0.098828,27.192
271,197.13,9.4279,3.6448,1.888,12,15,7.706,2.3624,2.1785,-0.6813,2.036,108.5,4.9825,6,upstream,0.14775,0.077089,0.28376,2.147,,running,0.053516,-0.0027588,3.6049,0.095313,-0.0018311,7.8691,0.15469,0.0045654,11.195,0.2,0.0104,15.912,0.24531,0.021387,19.148,0.28906,0.038867,22.896,0.35156,0.066797,28.275,0.37969,0.083203,31.95
272,197.49,9.4083,3.7064,1.9247,12,15,7.706,2.3624,2.1785,-0.67087,2.0626,108.02,7.1696,6,upstream,0.14929,0.11209,0.24097,2.169,,running,0.051172,-0.004126,4.7354,0.092969,-0.0022095,10.396,0.15,0.0050293,15.136,0.19766,0.015918,21.95,0.24688,0.031055,26.771,0.3,0.053125,30.662,0.36719,0.086328,33.951,0.425,0.11406,35.731
273,197.83,9.3919,3.7533,1.9543,12,15,7.706,2.3624,2.1785,-0.65899,2.0839,107.55,7.6833,6,upstream,0.15514,0.12483,0.26198,2.1856,,running,0.054688,-0.0041504,5.074,0.096875,-0.0019653,10.924,0.15469,0.0057373,15.776,0.20312,0.018066,22.724,0.25625,0.03457,27.478,0.31406,0.057422,31.236,0.37969,0.091016,34.321,0.4375,0.12422,36.777
274,198.16,9.374,3.8003,1.9934,12,15,7.706,2.3624,2.1785,-0.62718,2.111,106.55,8.1946,6,upstream,0.16197,0.13899,0.23723,2.2022,,running,0.059375,-0.0044678,5.3836,0.10313,-0.0010376,10.924,0.15938,0.0070801,15.333,0.21094,0.020898,21.698,0.26719,0.038477,25.869,0.32656,0.062891,30.16,0.38906,0.096094,33.566,0.44688,0.13125,36.327
275,198.5,9.3535,3.8485,2.0374,12,15,7.706,2.3624,2.1785,-0.58609,2.1399,105.32,8.1762,6,upstream,0.1648,0.1411,0.2392,2.2187,,running,0.058203,-0.004126,6.159,0.10469,-0.00039673,11.53,0.1625,0.0077148,15.642,0.21563,0.021777,21.698,0.27188,0.039062,25.577,0.33125,0.063672,30.32,0.39531,0.098438,33.69,0.45312,0.13437,36.602
276,198.84,9.3315,3.8946,2.0821,12,15,7.706,2.3624,2.1785,-0.54084,2.1674,104.01,8.0826,6,upstream,0.16003,0.13545,0.24668,2.2338,,running,0.058594,-0.0040039,5.8823,0.10391,-0.00016327,11.55,0.15625,0.0078125,15.976,0.21094,0.021582,21.595,0.26406,0.0375,25.669,0.32031,0.060938,30.7,0.38125,0.093359,35.818,0.43125,0.12813,39.072
277,199.17,9.3058,3.9426,2.1296,12,15,7.706,2.3624,2.1785,-0.49168,2.1943,102.63,8.244,6,upstream,0.16672,0.14393,0.24635,2.2487,,running,0.060156,-0.0036865,5.8269,0.10859,5.3406e-05,11.496,0.1625,0.0083008,15.536,0.21719,0.022852,21.228,0.275,0.039844,25.577,0.33281,0.064453,30.477,0.38906,0.097266,35.028,0.4375,0.13125,38.108
278,199.51,9.2782,3.9889,2.1764,12,15,7.706,2.3624,2.1785,-0.44226,2.2185,101.27,8.1144,6,upstream,0.18182,0.1545,0.24042,2.2621,,running,0.06875,-0.0026489,5.5621,0.12188,0.0013062,10.647,0.18125,0.010254,15.003,0.2375,0.024707,19.936,0.3,0.042773,24.187,0.35938,0.067578,29.097,0.41875,0.098047,33.506,0.47188,0.13359,36.076
279,199.84,9.2467,4.0363,2.2264,12,15,7.706,2.3624,2.1785,-0.38759,2.2417,99.809,8.3205,6,upstream,0.18949,0.16511,0.24186,2.275,,running,0.069922,-0.0020508,5.2193,0.125,0.0023193,10.592,0.18438,0.011572,15.207,0.24375,0.026563,19.728,0.3125,0.045703,23.782,0.375,0.071094,29.334,0.43438,0.10156,33.447,0.4875,0.13203,35.461
280,200.18,9.2124,4.0826,2.2767,12,15,7.706,2.3624,2.1785,-0.33187,2.2624,98.345,7.9629,6,upstream,0.19879,0.16577,0.26457,2.2866,,running,0.075,-0.0018921,4.5982,0.13281,0.0026123,9.4989,0.19688,0.011719,14.463,0.25781,0.025977,18.853,0.32812,0.045898,23.476,0.39062,0.069531,28.377,0.44375,0.096875,32.627,0.4875,0.12656,35.433
281,200.51,9.1719,4.1317,2.3329,12,15,7.706,2.3624,2.1785,-0.26783,2.282,96.694,7.3245,6,upstream,0.20039,0.1537,0.27406,2.2977,,running,0.077344,-0.0015991,4.2344,0.13359,0.0022705,8.5639,0.19844,0.010791,13.177,0.25938,0.023242,17.038,0.33125,0.042578,21.967,0.38906,0.066797,27.66,0.44688,0.096484,31.769,0.5,0.12813,35.175
282,200.86,9.124,4.1831,2.3916,12,15,7.706,2.3624,2.1785,-0.20366,2.2988,95.063,7.5257,6,upstream,0.19953,0.15725,0.2574,2.3078,,running,0.077344,-0.0019653,4.2618,0.13359,0.0022583,8.5527,0.19844,0.010986,13.607,0.25938,0.023438,17.354,0.32969,0.043555,22.277,0.39219,0.066406,27.16,0.44688,0.093359,31.387,0.49375,0.12266,34.624
283,201.19,9.0786,4.2267,2.441,12,15,7.706,2.3624,2.1785,-0.15252,2.3101,93.778,7.6801,6,upstream,0.19204,0.15445,0.24176,2.3151,,running,0.073828,-0.0022583,4.8913,0.12813,0.001416,9.3342,0.18984,0.010303,13.822,0.24688,0.022656,17.774,0.31719,0.042773,22.791,0.37969,0.066797,28.459,0.43438,0.095703,32.762,0.48438,0.12578,35.538
284,201.53,9.0289,4.2698,2.4942,12,15,7.706,2.3624,2.1785,-0.095191,2.3193,92.35,8.2284,6,upstream,0.19324,0.16651,0.2502,2.3213,,running,0.076563,-0.0019165,4.8366,0.12969,0.0020386,9.9372,0.19297,0.011572,15.216,0.24688,0.025195,19.373,0.31875,0.046094,24.187,0.37813,0.069531,28.85,0.43125,0.097656,33.005,0.47188,0.12734,36.69
285,201.87,8.9784,4.3093,2.5478,12,15,7.706,2.3624,2.1785,-0.03479,2.3255,90.857,7.8781,6,upstream,0.20348,0.16787,0.25997,2.3258,,running,0.079297,-0.0018799,4.6724,0.1375,0.0024902,9.7524,0.2,0.012305,14.676,0.25938,0.026367,18.504,0.33594,0.046484,23.68,0.39688,0.071094,28.361,0.45625,0.098828,32.147,0.50625,0.12813,34.808
286,202.2,8.9283,4.3444,2.6011,12,15,7.706,2.3624,2.1785,0.028314,2.3284,89.303,7.7388,6,upstream,0.20625,0.16715,0.26834,2.3285,,running,0.079688,-0.0018799,4.9015,0.13984,0.0026367,9.5349,0.20312,0.011963,14.357,0.26406,0.026172,18.088,0.34063,0.046289,23.272,0.40625,0.071875,27.857,0.46875,0.10156,30.964,0.51875,0.12969,33.628
287,202.53,8.8705,4.3801,2.6582,12,15,7.706,2.3624,2.1785,0.093185,2.3278,87.708,7.2725,6,upstream,0.22588,0.17202,0.25226,2.3296,,running,0.0875,-0.00054932,4.4115,0.15234,0.0038818,9.1145,0.22188,0.012695,12.745,0.2875,0.026758,16.614,0.37344,0.047656,20.819,0.44375,0.071484,24.674,0.50938,0.098828,28.053,0.5625,0.125,29.065
288,202.87,8.8089,4.4134,2.7154,12,15,7.706,2.3624,2.1785,0.15625,2.3235,86.153,6.9158,6,upstream,0.22287,0.16141,0.23744,2.3287,,running,0.083594,-0.0011719,4.7451,0.15,0.0031982,9.2626,0.21719,0.011719,13.231,0.28594,0.025781,16.594,0.36875,0.044727,20.346,0.44375,0.06875,24.108,0.5125,0.096484,26.861,0.57188,0.125,28.476
289,203.2,8.7408,4.4451,2.7728,12,15,7.706,2.3624,2.1785,0.21451,2.3157,84.707,6.4986,6,upstream,0.234,0.15925,0.25134,2.3256,,running,0.088281,-0.00065002,4.634,0.15703,0.0038574,8.6621,0.225,0.011963,12.203,0.29688,0.025586,15.762,0.3875,0.044141,18.931,0.45938,0.066797,22.174,0.5375,0.095703,24.573,0.59688,0.12188,25.038
290,203.54,8.675,4.4713,2.8243,12,15,7.706,2.3624,2.1785,0.26271,2.306,83.501,5.8857,6,upstream,0.23656,0.1458,0.27198,2.3209,,running,0.091406,-0.00038147,4.2446,0.16016,0.00354,8.0596,0.22969,0.011279,11.624,0.30469,0.024219,14.574,0.39219,0.04043,17.621,0.46875,0.061719,20.815,0.54688,0.088281,22.343,0.6125,0.11328,22.9
291,203.89,8.5962,4.4977,2.8807,12,15,7.706,2.3624,2.1785,0.30927,2.2926,82.317,4.3155,6,upstream,0.25384,0.11472,0.27113,2.3134,,running,0.094922,-0.00033569,3.6593,0.17031,0.0033203,6.2972,0.24531,0.0089355,8.2879,0.32812,0.01875,10.592,0.42188,0.031836,12.779,0.5,0.046289,14.91,0.5875,0.067187,15.899,0.65625,0.088281,16.569
292,204.25,8.514,4.5199,2.9308,12,15,7.706,2.3624,2.1785,0.33871,2.2788,81.546,3.1812,6,upstream,0.26291,0.087584,0.25771,2.3038,,running,0.098047,-0.00048218,2.8569,0.17734,0.0032715,4.7729,0.25625,0.0068848,5.8446,0.34063,0.014063,7.4025,0.4375,0.024316,9.1461,0.51562,0.036328,10.898,0.60625,0.052734,11.399,0.67813,0.071094,12.311
293,204.58,8.4299,4.5381,2.9678,12,15,7.706,2.3624,2.1785,0.33673,2.2681,81.555,2.7238,6,upstream,0.25153,0.071746,0.24103,2.293,,running,0.094531,-0.00075684,2.4414,0.17266,0.0021973,3.801,0.25156,0.0055176,5.2431,0.33125,0.01084,6.7638,0.41875,0.019922,8.4747,0.49688,0.03125,9.8366,0.57188,0.04375,10.731,0.6375,0.060938,11.901
294,204.92,8.3436,4.5534,2.9961,12,15,7.706,2.3624,2.1785,0.31313,2.2603,82.113,1.5582,6,upstream,0.26072,0.042544,0.2736,2.2819,,running,0.1,-0.0010498,1.8725,0.17969,0.001355,2.7396,0.26406,0.0036133,3.0705,0.34688,0.0067871,4.1055,0.43438,0.011816,4.83,0.51562,0.020215,5.9374,0.6,0.02793,6.0224,0.66563,0.041797,7.526
295,205.27,8.2589,4.5659,3.0187,12,15,7.706,2.3624,2.1785,0.27858,2.2547,82.957,1.1686,6,upstream,0.27006,0.033049,0.26232,2.2718,,running,0.10313,-0.00050659,1.9,0.18516,0.0011353,2.5442,0.27188,0.0028931,2.5163,0.35938,0.0049805,2.7893,0.45,0.0091797,3.548,0.5375,0.015137,4.3176,0.62813,0.019922,3.8901,0.69688,0.033203,5.3416
296,205.61,8.1707,4.5769,3.0325,12,15,7.706,2.3624,2.1785,0.22083,2.2519,84.399,1.6765,6,upstream,0.26636,0.046764,0.25612,2.2627,,running,0.1,-0.00038605,2.3859,0.18125,0.0019775,3.0986,0.26719,0.0044922,3.4927,0.35156,0.0081543,4.1097,0.44375,0.012988,5.0176,0.52813,0.021484,5.9941,0.61563,0.029297,5.8807,0.68125,0.042188,7.3524
297,205.95,8.08,4.5869,3.0447,12,15,7.706,2.3624,2.1785,0.15712,2.2502,86.006,1.9714,6,upstream,0.2589,0.053448,0.23343,2.2557,,running,0.096484,-0.00064392,2.3582,0.17578,0.0015503,3.183,0.26094,0.0046143,3.8571,0.34219,0.0084473,4.9223,0.43125,0.014844,5.9941,0.5125,0.024023,7.125,0.59375,0.03457,7.8064,0.65938,0.051563,9.4242
298,206.3,7.991,4.5957,3.0613,12,15,7.706,2.3624,2.1785,0.10487,2.2489,87.33,1.234,6,upstream,0.26256,0.033928,0.24057,2.2514,,running,0.097656,-0.00095215,2.0256,0.17656,0.00098877,2.4798,0.2625,0.0028931,2.7893,0.34531,0.005542,3.3235,0.4375,0.0094238,3.9757,0.52187,0.017188,5.0291,0.60313,0.023438,5.1267,0.66875,0.039062,7.526
299,206.63,7.9033,4.6028,3.0777,12,15,7.706,2.3624,2.1785,0.05385,2.2484,88.628,0.73184,6,upstream,0.2569,0.019688,0.25433,2.249,,running,0.097266,-0.00092773,1.5056,0.175,4.8828e-05,2.0012,0.25938,0.0016357,2.0575,0.34063,0.0028809,2.1983,0.42813,0.0054688,2.4336,0.50938,0.011865,3.0053,0.59375,0.01709,3.49,0.65625,0.032031,5.9372
300,206.97,7.8149,4.6084,3.0881,12,15,7.706,2.3624,2.1785,-0.011294,2.2486,90.288,3.1847,6,upstream,0.23098,0.077032,0.26186,2.2487,,running,0.086328,-0.00089722,2.663,0.15703,0.0012573,4.5095,0.23281,0.0053223,6.3905,0.30781,0.011035,7.8572,0.38438,0.021387,9.3311,0.45312,0.035156,12.381,0.51875,0.049609,14.373,0.575,0.069141,17.299
301,207.3,7.7296,4.6132,3.0986,12,15,7.706,2.3624,2.1785,-0.073278,2.2498,91.866,-0.0030947,6,upstream,0.21188,0,0.27399,2.2509,,running,0.079688,-0.0015137,1.3461,0.14609,-0.0013428,1.3426,0.21406,-0.00098877,1.4035,0.28281,-0.0020264,1.2849,0.35313,-1.9073e-05,0.37181,0.4125,0.0063477,2.4055,0.475,0.011963,3.1044,0.525,0.02334,6.8879
302,207.66,7.6528,4.6167,3.1206,12,15,7.706,2.3624,2.1785,-0.10059,2.2526,92.557,-3.7444,6,upstream,0.17945,-0.070363,0.27543,2.2549,,running,0.06875,-0.0015625,-0.14487,0.12578,-0.0024658,-1.5786,0.18281,-0.0050293,-4.8869,0.24219,-0.011572,-8.6349,0.29844,-0.019531,-10.248,0.35469,-0.024219,-10.677,0.40625,-0.029688,-11.944,0.45938,-0.035547,-11.648
303,208.01,7.5782,4.618,3.1164,12,15,7.706,2.3624,2.1785,-0.18459,2.2517,94.686,-3.3385,6,upstream,0.16904,-0.059096,0.25411,2.2593,,running,0.065625,-0.0016357,-0.054218,0.12109,-0.0019775,-1.2546,0.17422,-0.0041992,-4.1513,0.23125,-0.0094727,-7.894,0.28125,-0.016406,-9.2654,0.33125,-0.019922,-10.209,0.38125,-0.024707,-11.01,0.42188,-0.027344,-10.249
304,208.34,7.5175,4.6191,3.0935,12,15,7.706,2.3624,2.1785,-0.29689,2.245,97.533,-5.4257,6,upstream,0.1196,-0.067953,0.26471,2.2646,,running,0.041406,0,-2.958,0.080078,-0.0011353,-4.2037,0.11953,-0.0028687,-8.4613,0.15781,-0.0092773,-12.898,0.19844,-0.018848,-15.365,0.2375,-0.029883,-19.359,0.27969,-0.045898,-24.25,0.30938,-0.061328,-28.811
305,208.69,7.4623,4.6213,3.0727,12,15,7.706,2.3624,2.1785,-0.3987,2.2367,100.11,-5.3785,6,upstream,0.11064,-0.062318,0.2434,2.272,,running,0.038477,0.00039978,-3.1267,0.073047,-0.00084229,-4.381,0.11016,-0.0022827,-8.5425,0.14375,-0.007666,-12.878,0.18359,-0.017285,-15.537,0.22031,-0.027734,-19.174,0.2625,-0.044531,-24.567,0.29063,-0.058984,-28.968
306,209.02,7.4219,4.6234,3.0501,12,15,7.706,2.3624,2.1785,-0.48945,2.2256,102.4,-4.2171,6,upstream,0.083664,-0.044282,0.28196,2.2788,,running,0.027148,-3.7384e-05,-2.2546,0.053516,-0.00087891,-1.8117,0.08125,-0.00091553,-4.4219,0.10859,-0.004248,-7.0626,0.13906,-0.010254,-8.6795,0.16719,-0.015625,-10.363,0.19766,-0.02168,-11.566,0.225,-0.025977,-12.824
307,209.38,7.3836,4.6263,3.0291,12,15,7.706,2.3624,2.1785,-0.57439,2.2134,104.55,-4.6875,6,upstream,0.10253,-0.05033,0.24733,2.2867,,running,0.035547,0.00016174,-2.5642,0.067969,-0.00068665,-2.9431,0.10391,-0.001709,-6.7692,0.13437,-0.0063477,-10.176,0.17031,-0.013965,-11.907,0.20312,-0.02207,-14.339,0.2375,-0.032422,-18.312,0.26719,-0.037695,-20.163
308,209.72,7.3553,4.6289,3.0145,12,15,7.706,2.3624,2.1785,-0.63518,2.2038,106.08,-3.2347,6,upstream,0.088266,-0.033928,0.27684,2.2935,,running,0.031445,-0.00067749,-1.1225,0.059375,-0.0018188,0.25991,0.090625,-0.0019897,-1.6847,0.11797,-0.004541,-3.4825,0.14688,-0.0083008,-3.9794,0.17422,-0.0097656,-3.5763,0.20469,-0.012158,-4.1301,0.22813,-0.0078613,-0.62855
309,210.06,7.3191,4.633,2.9975,12,15,7.706,2.3624,2.1785,-0.70886,2.1916,107.92,-5.3288,6,upstream,0.092745,-0.056045,0.25965,2.3034,,running,0.030664,0.00071106,-3.4631,0.058984,0.00011444,-5.0526,0.091797,-0.0011963,-9.0879,0.12109,-0.0058105,-12.429,0.15391,-0.014355,-14.636,0.18594,-0.022754,-16.65,0.21719,-0.03418,-20.742,0.24375,-0.043359,-24.305
310,210.4,7.2905,4.6367,2.9853,12,15,7.706,2.3624,2.1785,-0.76451,2.1819,109.31,-5.2662,6,upstream,0.093206,-0.055381,0.24935,2.312,,running,0.030664,0.00071716,-3.3781,0.058984,3.9673e-05,-5.3272,0.092188,-0.0012451,-9.1471,0.12188,-0.0057861,-12.549,0.15469,-0.014258,-14.636,0.18594,-0.022949,-16.65,0.21719,-0.034766,-20.866,0.24375,-0.043555,-24.048
311,210.73,7.2587,4.6411,2.9663,12,15,7.706,2.3624,2.1785,-0.83786,2.1657,111.15,-6.1097,6,upstream,0.082028,-0.064346,0.25836,2.3222,,running,0.023438,0.0021851,-5.3132,0.045117,0.0023804,-8.5652,0.074219,0.0010132,-13.92,0.10234,-0.0054199,-17.176,0.13594,-0.014551,-19.908,0.16797,-0.027148,-23.366,0.20156,-0.042969,-27.876,0.2375,-0.060156,-34.144
312,211.07,7.2277,4.6459,2.9468,12,15,7.706,2.3624,2.1785,-0.9113,2.1477,112.99,-6.7741,6,upstream,0.08544,-0.071437,0.26512,2.333,,running,0.024512,0.0023804,-5.6255,0.046875,0.0023804,-9.1384,0.075781,0.00097656,-15.02,0.10547,-0.0061035,-18.941,0.14141,-0.016797,-22.166,0.17813,-0.030859,-25.34,0.21094,-0.048047,-30.742,0.25,-0.065234,-35.186
313,211.42,7.1994,4.6506,2.9244,12,15,7.706,2.3624,2.1785,-0.98774,2.1253,114.93,-5.6587,6,upstream,0.077251,-0.059548,0.26564,2.3437,,running,0.021777,0.0023682,-5.2848,0.040625,0.0033691,-9.2702,0.066406,0.0026733,-15.505,0.094531,-0.0037842,-19.433,0.12813,-0.012695,-20.849,0.15938,-0.024902,-24.855,0.19219,-0.041211,-29.956,0.23125,-0.057813,-35.166
314,211.77,7.1691,4.6564,2.8996,12,15,7.706,2.3624,2.1785,-1.071,2.0985,117.04,-4.7142,6,upstream,0.067729,-0.049535,0.2597,2.356,,running,0.017871,0.0027466,-5.7957,0.035352,0.0043457,-9.4431,0.057422,0.0046387,-14.868,0.082813,-0.0011353,-19.602,0.1125,-0.0092773,-20.556,0.13906,-0.019629,-23.147,0.16563,-0.032422,-29.388,0.2,-0.04668,-33.26
315,212.11,7.1436,4.662,2.8801,12,15,7.706,2.3624,2.1785,-1.1378,2.076,118.73,-3.9877,6,upstream,0.061085,-0.041861,0.28085,2.3674,,running,0.016016,0.0017456,-3.8064,0.031445,0.0030396,-6.8334,0.051953,0.0040771,-11.175,0.075,-7.8583e-05,-15.836,0.10156,-0.0070801,-15.824,0.12344,-0.014648,-18.368,0.14453,-0.022461,-22.527,0.17109,-0.031836,-26.565
316,212.47,7.1199,4.6677,2.8628,12,15,7.706,2.3624,2.1785,-1.1979,2.055,120.24,-3.4149,6,upstream,0.051889,-0.035824,0.28984,2.3786,,running,0.011572,0.0025757,-4.1182,0.023633,0.0037354,-6.8016,0.041406,0.004834,-10.968,0.0625,0.0013794,-16.106,0.086328,-0.0051514,-17.354,0.10547,-0.012695,-18.529,0.12266,-0.01875,-20.862,0.14609,-0.025391,-22.567
317,212.83,7.0988,4.6731,2.8481,12,15,7.706,2.3624,2.1785,-1.2496,2.0363,121.54,-3.5613,6,upstream,0.055654,-0.037366,0.25779,2.3891,,running,0.013574,0.0021729,-4.0076,0.027344,0.0034424,-6.7427,0.046289,0.0045166,-10.683,0.067969,0.00052795,-15.626,0.092578,-0.0057617,-16.283,0.1125,-0.012158,-16.614,0.13203,-0.019531,-19.551,0.16016,-0.027148,-23.409
318,213.17,7.0812,4.6779,2.8358,12,15,7.706,2.3624,2.1785,-1.2928,2.02,122.62,-3.6988,6,upstream,0.054723,-0.038815,0.2644,2.3983,,running,0.013379,0.0025757,-4.5533,0.026172,0.004126,-7.7119,0.044922,0.0049316,-11.954,0.067187,0.00097656,-17.966,0.091016,-0.0058838,-18.921,0.11172,-0.013281,-19.125,0.13203,-0.022363,-23.318,0.16172,-0.033203,-27.962
319,213.52,7.0628,4.6832,2.823,12,15,7.706,2.3624,2.1785,-1.3377,2.0026,123.74,-2.9699,6,upstream,0.048346,-0.031143,0.24627,2.4083,,running,0.010742,0.0020874,-3.7475,0.022168,0.0021851,-5.7992,0.038867,0.0039551,-9.1664,0.058984,0.0011108,-13.968,0.080469,-0.0041748,-14.955,0.098047,-0.009375,-14.111,0.11484,-0.015332,-16.314,0.14219,-0.022461,-18.27
320,213.85,7.0452,4.6884,2.8105,12,15,7.706,2.3624,2.1785,-1.3811,1.9849,124.83,-2.7509,6,upstream,0.040594,-0.028841,0.26106,2.4181,,running,0.008252,0.0007782,-2.2906,0.018262,-2.2888e-05,-3.1865,0.033398,0.0022827,-6.1201,0.049609,-0.00027161,-9.7799,0.067578,-0.0032471,-9.1015,0.082813,-0.0055908,-7.777,0.096094,-0.009082,-8.6377,0.11719,-0.0085449,-4.1796
321,214.2,7.0297,4.6933,2.8001,12,15,7.706,2.3624,2.1785,-1.4179,1.9698,125.75,-2.2884,6,upstream,0.038703,-0.023984,0.23493,2.427,,running,0.0071289,0.0021973,-3.4622,0.016211,0.0023804,-5.7285,0.031445,0.0044189,-9.4623,0.047266,0.0017212,-14.751,0.064453,-0.0025757,-14.984,0.078516,-0.0069336,-14.802,0.091797,-0.012061,-17.4,0.11328,-0.01543,-15.053
322,214.53,7.0165,4.6976,2.7907,12,15,7.706,2.3624,2.1785,-1.4502,1.9558,126.56,-2.6072,6,upstream,0.041058,-0.027331,0.24409,2.4348,,running,0.0075195,0.0031494,-4.5739,0.016797,0.003833,-7.2425,0.032422,0.0066406,-12.96,0.049609,0.002771,-18.208,0.068359,-0.0031128,-19.246,0.083203,-0.0088379,-19.148,0.098828,-0.016406,-23.713,0.12266,-0.025195,-25.866
323,214.87,7.0036,4.7019,2.7822,12,15,7.706,2.3624,2.1785,-1.4802,1.9431,127.3,-3.5303,6,upstream,0.036397,-0.03704,0.25781,2.4426,,running,0.0080078,-0.0029785,1.5879,0.016797,-0.0067383,4.9827,0.03125,-0.0051758,6.0877,0.044727,-0.007373,8.3464,0.060547,-0.0037354,13.466,0.073828,0.00041199,18.022,0.086719,0.0038818,21.6,0.10781,0.010303,30.012
324,215.21,6.9905,4.7064,2.7723,12,15,7.706,2.3624,2.1785,-1.5134,1.9276,128.14,-1.957,6,upstream,0.042681,-0.020505,0.25813,2.4507,,running,0.011133,-0.0017944,0.61004,0.021582,-0.0051758,2.9219,0.038867,-0.0031128,3.1221,0.053906,-0.0045166,3.8311,0.071094,-0.0024292,7.4735,0.085938,0.00010223,11.741,0.1,0.0031982,14.41,0.12266,0.0098633,22.523
325,215.54,6.978,4.7107,2.761,12,15,7.706,2.3624,2.1785,-1.5483,1.9097,129.03,-2.4923,6,upstream,0.039412,-0.026124,0.24801,2.4585,,running,0.0077148,-0.00036011,-0.89875,0.017383,-0.0019653,-0.746,0.033398,1.8311e-05,-2.2329,0.049023,-0.0019653,-3.8391,0.065625,-0.0028564,-3.3689,0.079688,-0.0033936,-2.3105,0.093359,-0.0070801,-4.9697,0.11563,-0.0054443,-0.85515
326,215.88,6.9653,4.7154,2.754,12,15,7.706,2.3624,2.1785,-1.5751,1.8985,129.68,-2.9927,6,upstream,0.037317,-0.031382,0.23837,2.4669,,running,0.0065918,-0.0006012,-0.65171,0.015625,-0.0027344,0.22381,0.030664,-0.00085449,-1.2318,0.046289,-0.0026123,-2.8168,0.062109,-0.0032471,-1.4385,0.076953,-0.0033936,0.37105,0.089844,-0.0054688,-0.83172,0.11328,-0.0045898,2.1356
327,216.21,6.9527,4.7201,2.7446,12,15,7.706,2.3624,2.1785,-1.6062,1.8832,130.46,-2.663,6,upstream,0.040356,-0.027917,0.2694,2.4751,,running,0.0077637,-0.0012817,-0.22381,0.017188,-0.0033203,0.63038,0.033594,-0.0015381,0.14446,0.049609,-0.0032715,-0.029449,0.067187,-0.003125,1.5432,0.083984,-0.0025024,4.8075,0.098438,-0.0033447,4.7803,0.12266,-0.0029175,6.4272
328,216.55,6.9404,4.7248,2.7342,12,15,7.706,2.3624,2.1785,-1.639,1.8657,131.3,-0.066611,6,upstream,0.049219,-0.00069754,0.2733,2.4834,,running,0.012891,-0.0040283,2.7767,0.023633,-0.0078125,6.625,0.044336,-0.0054688,8.8489,0.060547,-0.0052734,12.017,0.082031,-9.5367e-05,15.107,0.10234,0.0059814,21.071,0.11719,0.012793,24.996,0.13984,0.025586,33.69
329,216.9,6.9261,4.7307,2.7265,12,15,7.706,2.3624,2.1785,-1.6688,1.8526,132.01,0.14016,6,upstream,0.046406,0.0014678,0.24789,2.4934,,running,0.011328,-0.0054443,4.1752,0.021973,-0.0097168,9.2299,0.041797,-0.0081543,13.167,0.057031,-0.0075684,17.716,0.077344,0.00018921,22.126,0.099609,0.0087402,28.648,0.11563,0.018457,35.402,0.13828,0.032422,43.083
330,217.24,6.9118,4.7369,2.7264,12,15,7.706,2.3624,2.1785,-1.6844,1.8525,132.28,-0.28923,6,upstream,0.045704,-0.0030289,0.24019,2.5038,,running,0.011133,-0.0056396,4.2607,0.021094,-0.010107,9.5204,0.04082,-0.0084473,13.175,0.055859,-0.0083984,17.847,0.076172,-0.00038452,22.484,0.098828,0.0079102,28.919,0.11563,0.018359,35.942,0.14062,0.033203,42.738
331,217.57,6.8975,4.7433,2.7265,12,15,7.706,2.3624,2.1785,-1.7,1.8527,132.54,-0.44069,6,upstream,0.04547,-0.0046151,0.2766,2.5144,,running,0.0094727,-0.0047119,2.8052,0.019141,-0.0084961,6.7722,0.037695,-0.0064453,9.2491,0.054297,-0.0070313,13.339,0.075781,-0.00058289,16.95,0.097656,0.0053223,22.77,0.11406,0.013184,28.523,0.13828,0.022852,33.534
332,217.93,6.8824,4.7498,2.7253,12,15,7.706,2.3624,2.1785,-1.7187,1.8505,132.88,0.93893,6,upstream,0.052741,0.0098338,0.27384,2.5255,,running,0.0125,-0.0047607,3.4064,0.024219,-0.0090332,7.9462,0.046094,-0.00625,10.997,0.063672,-0.0053711,15.219,0.087891,0.0014404,19.209,0.11094,0.0092285,24.087,0.12734,0.019727,29.539,0.15391,0.035156,37.538
333,218.29,6.8669,4.7567,2.7247,12,15,7.706,2.3624,2.1785,-1.7367,1.8495,133.2,1.4726,6,upstream,0.047594,0.015427,0.26479,2.5371,,running,0.01001,-0.0063965,5.4967,0.020605,-0.011182,11.98,0.040234,-0.0099121,17.084,0.057031,-0.0073242,21.181,0.079297,0.0020386,26.059,0.10234,0.013086,33.074,0.11563,0.025781,41.245,0.13828,0.044531,48.583
334,218.63,6.851,4.7639,2.7285,12,15,7.706,2.3624,2.1785,-1.7472,1.8562,133.27,-0.57316,6,upstream,0.038439,-0.0060024,0.24591,2.5492,,running,0.00625,-0.0066406,5.3132,0.014453,-0.011133,11.088,0.030273,-0.011084,16.052,0.045508,-0.0099609,22.142,0.064063,-0.00064087,26.144,0.085156,0.010352,33.643,0.10078,0.021191,41.827,0.12656,0.039258,50.464
335,218.96,6.837,4.7701,2.7318,12,15,7.706,2.3624,2.1785,-1.7563,1.8622,133.32,3.6506,6,upstream,0.056364,0.038307,0.24862,2.5597,,running,0.0125,-0.0068359,6.5036,0.025195,-0.010986,12.68,0.048047,-0.008252,18.554,0.066797,-0.0046631,23.097,0.09375,0.0059814,28.403,0.12656,0.021094,34.393,0.14453,0.037695,41.73,0.17891,0.061328,49.461
336,219.3,6.8247,4.7756,2.7329,12,15,7.706,2.3624,2.1785,-1.7677,1.8643,133.48,3.9329,6,upstream,0.061081,0.041282,0.2388,2.5691,,running,0.01416,-0.0067383,6.3622,0.028516,-0.010547,12.964,0.051563,-0.0078125,19.014,0.072656,-0.0033447,22.968,0.10156,0.0069824,27.979,0.13203,0.021875,34.369,0.15469,0.04043,41.657,0.18906,0.064844,49.222
337,219.63,6.8072,4.7837,2.7462,12,15,7.706,2.3624,2.1785,-1.762,1.8884,133.02,3.5188,6,upstream,0.058235,0.036918,0.2782,2.5827,,running,0.013965,-0.0062988,5.7781,0.028125,-0.0096191,11.539,0.049805,-0.0071289,16.58,0.070312,-0.0032227,20.256,0.096875,0.005957,24.87,0.12813,0.019824,30.655,0.14609,0.036133,38.501,0.17656,0.057813,47.031
338,219.99,6.7877,4.7925,2.7608,12,15,7.706,2.3624,2.1785,-1.7557,1.9147,132.52,3.0608,6,upstream,0.063372,0.032099,0.26596,2.5978,,running,0.01543,-0.0051514,4.5095,0.032031,-0.007959,9.4431,0.05625,-0.005542,14.525,0.076563,-0.0025146,18.151,0.10547,0.0056396,21.952,0.1375,0.01748,27.81,0.15938,0.032617,34.142,0.19297,0.053906,43.126
339,220.34,6.7683,4.8008,2.7737,12,15,7.706,2.3624,2.1785,-1.7519,1.938,132.11,3.1149,6,upstream,0.054455,0.032667,0.25902,2.6125,,running,0.012256,-0.0056641,5.1143,0.024902,-0.0094238,10.562,0.045898,-0.0071289,15.205,0.064453,-0.0041992,19.44,0.090625,0.0049316,22.793,0.12109,0.016699,28.634,0.14062,0.032031,36.747,0.17266,0.053125,45.868
340,220.68,6.7493,4.8086,2.7847,12,15,7.706,2.3624,2.1785,-1.7511,1.9577,131.81,1.6192,6,upstream,0.051583,0.016962,0.28015,2.6266,,running,0.010449,-0.0047363,3.633,0.023145,-0.0078613,7.3012,0.042578,-0.0049561,9.4834,0.060938,-0.0037109,13.631,0.085938,0.0024292,16.118,0.11328,0.01123,22.474,0.13437,0.022656,29.021,0.16406,0.038867,39.144
341,221.05,6.7315,4.8157,2.7952,12,15,7.706,2.3624,2.1785,-1.7496,1.9766,131.51,1.368,6,upstream,0.053687,0.01433,0.26761,2.6397,,running,0.011523,-0.0041992,3.2082,0.024512,-0.0075684,7.2707,0.045508,-0.0043701,9.2299,0.064063,-0.003418,13.031,0.089453,0.0021362,15.306,0.11719,0.011621,22.198,0.1375,0.025,29.618,0.17031,0.043555,39.51
342,221.38,6.7151,4.8218,2.8007,12,15,7.706,2.3624,2.1785,-1.7561,1.9866,131.48,1.4963,6,upstream,0.045719,0.015675,0.27949,2.6516,,running,0.0084961,-0.0048828,3.4336,0.018359,-0.0086426,8.1891,0.036523,-0.006543,11.259,0.053906,-0.0053467,15.623,0.076172,0.0019897,17.724,0.099609,0.010254,25.541,0.11797,0.020801,33.071,0.14375,0.038477,43.349
343,221.75,6.6976,4.8283,2.806,12,15,7.706,2.3624,2.1785,-1.7643,1.9962,131.47,1.1098,6,upstream,0.040086,0.011624,0.25563,2.6641,,running,0.0071777,-0.0048828,3.5193,0.016113,-0.0081055,7.5986,0.031641,-0.0067383,10.652,0.047266,-0.0062012,15.32,0.066797,0.0012939,17.55,0.086719,0.0083008,24.812,0.10469,0.018359,34.746,0.12734,0.036719,47.466
344,222.1,6.6828,4.8337,2.8112,12,15,7.706,2.3624,2.1785,-1.7696,2.0057,131.42,3.3098,6,upstream,0.056579,0.034718,0.25891,2.6747,,running,0.014063,-0.0048584,4.3461,0.026953,-0.0080566,9.5204,0.049219,-0.005835,13.974,0.067187,-0.0032715,18.561,0.094141,0.0054443,21.88,0.12266,0.016797,27.996,0.14219,0.032813,36.742,0.18047,0.055078,45.22
345,222.44,6.6698,4.8384,2.8166,12,15,7.706,2.3624,2.1785,-1.7726,2.0154,131.33,2.7103,6,upstream,0.047397,0.028414,0.26047,2.6841,,running,0.010059,-0.005835,4.9153,0.020215,-0.0095703,11.113,0.039648,-0.0082031,15.709,0.05625,-0.0054688,20.111,0.078906,0.0037354,24.515,0.10078,0.014453,32.825,0.11875,0.029102,41.607,0.14766,0.05,47.873
346,222.78,6.6517,4.845,2.8285,12,15,7.706,2.3624,2.1785,-1.7677,2.0372,130.95,5.5788,6,upstream,0.08619,0.058699,0.26023,2.6972,,running,0.027734,-0.005249,5.2986,0.049219,-0.0062988,11.617,0.08125,-0.0024536,16.336,0.10781,0.002478,20.784,0.14297,0.013965,25.453,0.18203,0.030859,31.574,0.21094,0.053516,39.872,0.25781,0.080859,44.284
347,223.12,6.6344,4.8511,2.8405,12,15,7.706,2.3624,2.1785,-1.7614,2.059,130.55,5.325,6,upstream,0.081445,0.056005,0.24851,2.7096,,running,0.025391,-0.0056152,5.5561,0.04707,-0.0065918,11.901,0.076172,-0.0031982,16.813,0.1,0.0013916,21.529,0.13516,0.012598,25.894,0.17266,0.029492,32.658,0.2,0.050781,41.677,0.24688,0.078906,46.606
348,223.46,6.609,4.8597,2.8591,12,15,7.706,2.3624,2.1785,-1.7496,2.0926,129.9,6.625,6,upstream,0.11326,0.078573,0.27886,2.7276,,running,0.037695,-0.004541,5.7563,0.068359,-0.0037842,11.657,0.10781,0.0008667,15.849,0.14062,0.0078125,21.275,0.1875,0.021777,25.602,0.23281,0.040039,31.592,0.27656,0.064844,37.766,0.32812,0.093359,40.365
349,223.81,6.58,4.8689,2.8807,12,15,7.706,2.3624,2.1785,-1.7344,2.1313,129.14,7.2942,6,upstream,0.11814,0.090244,0.27278,2.7478,,running,0.039258,-0.0043945,5.4989,0.072656,-0.0032959,10.898,0.1125,0.0016724,15.723,0.14766,0.009668,21.495,0.19531,0.025,26.671,0.24688,0.044922,31.647,0.29375,0.071484,37.463,0.34375,0.10156,40.419
350,224.16,6.5412,4.8802,2.9098,12,15,7.706,2.3624,2.1785,-1.7119,2.1829,128.1,6.4123,6,upstream,0.10283,0.06905,0.24598,2.7742,,running,0.035352,-0.0043457,5.8893,0.062109,-0.0041748,11.468,0.098828,0.00023499,16.699,0.12734,0.0059082,21.351,0.17031,0.019141,26.017,0.21875,0.037109,31.846,0.25469,0.058984,37.584,0.30469,0.0875,41.091
351,224.5,6.5063,4.8893,2.9372,12,15,7.706,2.3624,2.1785,-1.6877,2.2307,127.11,6.8069,6,upstream,0.11519,0.082107,0.24062,2.7972,,running,0.041016,-0.0040283,5.4131,0.071875,-0.003418,11.041,0.11094,0.0010254,15.624,0.14297,0.0078613,21.512,0.19063,0.022754,26.135,0.24219,0.041992,31.43,0.28281,0.064844,36.769,0.33594,0.095703,39.993
352,224.84,6.472,4.8973,2.9616,12,15,7.706,2.3624,2.1785,-1.6678,2.2731,126.27,5.9153,6,upstream,0.088125,0.062276,0.2542,2.8193,,running,0.029883,-0.0046631,5.601,0.054297,-0.0051758,10.908,0.086328,-0.0014282,16.513,0.10625,0.0022339,21.264,0.14609,0.015137,25.041,0.18516,0.029883,30.141,0.21719,0.049805,37.635,0.26562,0.075781,42.026
353,225.17,6.4358,4.9047,2.9881,12,15,7.706,2.3624,2.1785,-1.6438,2.3183,125.34,5.959,6,upstream,0.091432,0.062742,0.26275,2.8419,,running,0.032422,-0.0041992,5.3703,0.057031,-0.0050049,10.705,0.089453,-0.00093994,16.396,0.11094,0.0027832,21.498,0.15156,0.01582,25.641,0.19297,0.030664,30.714,0.22969,0.050781,37.733,0.28437,0.079297,41.677
354,225.51,6.4066,4.9099,3.0093,12,15,7.706,2.3624,2.1785,-1.6239,2.354,124.6,7.2452,6,upstream,0.16633,0.1262,0.24027,2.8598,,running,0.056641,-0.0030273,5.739,0.10391,-0.0006012,9.4057,0.15781,0.005957,14.314,0.20938,0.015723,20.122,0.275,0.034961,23.307,0.33906,0.055469,26.672,0.3875,0.081641,30.292,0.45625,0.11484,33.163
355,225.84,6.3722,4.9154,3.0362,12,15,7.706,2.3624,2.1785,-1.5951,2.3985,123.63,6.3683,6,upstream,0.15848,0.10569,0.25882,2.8805,,running,0.055859,-0.0029175,4.8869,0.10078,-0.0015381,8.0404,0.15313,0.0044189,12.794,0.20156,0.012012,18.016,0.2625,0.029297,21.577,0.32656,0.046875,25.129,0.36719,0.06875,29.714,0.44375,0.098438,32.361
356,226.18,6.3207,4.9218,3.0754,12,15,7.706,2.3624,2.1785,-1.5516,2.4621,122.22,5.1339,6,upstream,0.075302,0.053978,0.25871,2.9103,,running,0.026563,-0.0045898,4.966,0.046484,-0.0064941,9.7524,0.073047,-0.0028931,15.184,0.091797,-0.00045776,20.373,0.125,0.01123,24.624,0.15547,0.023242,29.972,0.18359,0.038867,37.799,0.225,0.0625,43.452
357,226.52,6.2705,4.9259,3.108,12,15,7.706,2.3624,2.1785,-1.5209,2.5138,121.17,3.4142,6,upstream,0.092978,0.035817,0.24109,2.9381,,running,0.037695,-0.0027222,2.8508,0.063672,-0.0035156,6.0944,0.095703,-0.0011108,9.566,0.11641,0.0003418,13.842,0.15469,0.0092285,17.723,0.1875,0.017773,21.746,0.20781,0.028906,26.866,0.2375,0.049414,35.593
358,226.85,6.2436,4.9274,3.1245,12,15,7.706,2.3624,2.1785,-1.5059,2.5397,120.67,1.8998,6,upstream,0.1679,0.033405,0.26185,2.9526,,running,0.061719,-0.0017334,1.5824,0.11172,-0.0020264,2.2697,0.16875,-0.00019531,3.7844,0.21719,0.0013428,5.667,0.27969,0.0092773,6.3799,0.33906,0.016797,7.6468,0.38281,0.027344,10.317,0.40938,0.046484,17.546
359,227.19,6.2094,4.9284,3.1365,12,15,7.706,2.3624,2.1785,-1.5096,2.5584,120.54,2.7177,6,upstream,0.22244,0.063305,0.24917,2.9705,,running,0.075781,-0.0016357,2.4994,0.14297,-0.00045776,3.5763,0.21406,0.0037598,6.1484,0.29219,0.0081055,8.3556,0.37031,0.017578,8.9103,0.44375,0.02832,10.176,0.49688,0.042773,13.095,0.54375,0.063281,18.166
360,227.52,6.1493,4.929,-3.1328,12,15,7.706,2.3624,2.1785,-1.5341,2.5802,120.73,0.99317,6,upstream,0.25691,0.02672,0.22992,3.0018,,running,0.085156,-0.0011108,1.2645,0.16172,-0.00040283,1.2006,0.24375,0.0015259,1.9187,0.33125,0.0026611,2.0662,0.42813,0.0074219,2.4844,0.50625,0.012695,2.9569,0.57812,0.018945,4.7636,0.63125,0.034375,8.0872
361,227.85,6.0758,4.9285,-3.1158,12,15,7.706,2.3624,2.1785,-1.5634,2.6073,120.95,0.6699,6,upstream,0.27939,0.0196,0.2414,3.0401,,running,0.094141,-0.0015015,0.99384,0.17969,-0.000177,0.88108,0.26875,0.0012207,1.3852,0.36094,0.0019043,0.68394,0.46563,0.0054443,1.6096,0.55625,0.0089355,2.1649,0.6375,0.011279,3.4023,0.70938,0.019824,4.734
362,228.19,5.9871,4.9262,-3.1073,12,15,7.706,2.3624,2.1785,-1.6299,2.6213,121.87,0.34455,6,upstream,0.28501,0.010283,0.25531,3.0867,,running,0.1,-0.0016357,0.62804,0.18828,-0.00062561,0.52105,0.27813,-2.1362e-05,0.85994,0.37188,0.00035095,0.29131,0.475,0.0028564,1.0599,0.56563,0.0064453,1.7541,0.65625,0.0094238,2.8566,0.74063,0.016309,3.4289
363,228.53,5.8918,4.9229,-3.1014,12,15,7.706,2.3624,2.1785,-1.7098,2.6314,123.01,0.081836,6,upstream,0.27563,0.0023621,0.24775,3.1381,,running,0.097656,-0.0015503,0.22731,0.18125,-0.00077515,0.41265,0.26875,-0.0012451,0.10221,0.36094,-0.0015869,-0.26857,0.45938,0.00065613,0.37119,0.54688,0.0052979,1.2662,0.63125,0.007666,2.5227,0.70625,0.013379,4.3251
364,228.86,5.7959,4.919,-3.0986,12,15,7.706,2.3624,2.1785,-1.7985,2.6363,124.3,-3.3009,6,upstream,0.25542,-0.088291,0.24925,3.1914,,running,0.096484,-0.0012817,-1.6304,0.17266,-0.0035645,-2.4968,0.25781,-0.0083496,-5.2021,0.3375,-0.016016,-7.2671,0.425,-0.024512,-8.5078,0.5125,-0.032617,-9.2126,0.6,-0.045898,-11.597,0.66563,-0.058594,-11.613
365,229.2,5.7091,4.9151,-3.1035,12,15,7.706,2.3624,2.1785,-1.8982,2.6269,125.85,-2.5448,6,upstream,0.25337,-0.067522,0.2511,3.241,,running,0.097656,-0.0012939,-0.85354,0.17578,-0.0024536,-1.4917,0.26094,-0.0054688,-3.4064,0.34844,-0.01123,-5.3416,0.42188,-0.01875,-7.1537,0.50313,-0.025391,-7.8752,0.575,-0.038086,-10.676,0.64062,-0.046875,-11.08
366,229.53,5.6217,4.9116,-3.1321,12,15,7.706,2.3624,2.1785,-2.0599,2.569,128.72,-2.2305,6,upstream,0.25895,-0.060484,0.28284,3.2928,,running,0.099609,-0.00083008,-0.53089,0.17813,-0.002124,-1.2767,0.2625,-0.0043945,-2.5562,0.35,-0.0092773,-4.2037,0.43125,-0.016797,-5.6992,0.5125,-0.022168,-6.3498,0.5875,-0.033398,-8.7114,0.66875,-0.04043,-8.5535
367,229.9,5.5244,4.9107,3.126,12,15,7.706,2.3624,2.1785,-2.221,2.514,131.46,-2.1088,6,upstream,0.24204,-0.05345,0.25022,3.3546,,running,0.092969,-0.0010498,-0.63497,0.16797,-0.0017822,-1.3496,0.24844,-0.0044189,-3.2648,0.33438,-0.0090332,-4.4031,0.40313,-0.014844,-6.1984,0.475,-0.019824,-6.9209,0.54063,-0.028516,-8.1715,0.6125,-0.034375,-8.5308
368,230.24,5.4372,4.9119,3.1061,12,15,7.706,2.3624,2.1785,-2.3578,2.4674,133.7,-0.47474,6,upstream,0.21657,-0.010767,0.26138,3.4128,,running,0.087891,-0.00091553,0.41964,0.15625,-0.00065308,0.35245,0.22813,-0.0011719,-0.33752,0.29844,-0.0022949,0.22017,0.36094,-0.0029907,-1.8046,0.41875,-0.0023804,-1.602,0.47813,-0.0030029,-1.0381,0.53438,0.0019531,0.75105
369,230.58,5.3607,4.9145,3.0914,12,15,7.706,2.3624,2.1785,-2.4704,2.4312,135.46,-0.64617,6,upstream,0.24939,-0.016875,0.25685,3.4661,,running,0.096875,-0.001001,0.16261,0.17266,-0.00081787,-0.079303,0.25781,-0.0015747,-0.83479,0.34219,-0.0022217,-1.0372,0.41563,-0.0046875,-1.963,0.49063,-0.0058105,-2.3859,0.5625,-0.0081055,-2.2514,0.64062,-0.0044922,-1.2299
370,230.91,5.2853,4.9182,3.0873,12,15,7.706,2.3624,2.1785,-2.5559,2.4207,136.56,0.11854,6,upstream,0.23719,0.0029443,0.27278,3.5203,,running,0.091797,-0.00067444,0.90927,0.16484,0.00010529,0.91648,0.24531,9.1553e-05,0.53713,0.32188,0.00091553,1.0097,0.39531,0.00081787,-0.094619,0.46563,0.0019531,-0.23849,0.5375,0.0039062,0.6805,0.62188,0.011328,2.1594
371,231.27,5.1964,4.9231,3.0827,12,15,7.706,2.3624,2.1785,-2.656,2.4085,137.8,0.46426,6,upstream,0.22688,0.01103,0.24489,3.5854,,running,0.084766,-0.00076294,1.0361,0.15469,-7.4768e-05,1.0784,0.22969,0.00038147,0.96013,0.30469,0.0016479,1.8626,0.37813,0.003064,0.58336,0.45,0.007959,1.6873,0.52187,0.012793,3.0205,0.60938,0.019531,3.871
372,231.6,5.1168,4.9278,3.0844,12,15,7.706,2.3624,2.1785,-2.7317,2.4132,138.54,1.0728,6,upstream,0.24567,0.027599,0.23828,3.6449,,running,0.091406,-0.0004425,1.2937,0.16797,0.00073547,1.8183,0.25,0.0025391,2.2334,0.32969,0.0046387,2.8338,0.40938,0.007666,2.8798,0.49063,0.014453,3.7793,0.575,0.020898,4.7731,0.6625,0.030273,5.601
373,231.94,5.0381,4.9324,3.0898,12,15,7.706,2.3624,2.1785,-2.7973,2.4286,139.04,0.31565,6,upstream,0.23532,0.0077784,0.26074,3.7044,,running,0.0875,-0.00067444,0.75532,0.15938,-7.9346e-05,1.1296,0.2375,0.00022583,0.80209,0.31563,0.00087891,0.85221,0.39219,0.0021606,0.020016,0.46563,0.0069336,1.0199,0.54063,0.010742,2.2697,0.625,0.016016,2.9912
374,232.28,4.9604,4.9365,3.0975,12,15,7.706,2.3624,2.1785,-2.8564,2.4505,139.37,-1.798,6,upstream,0.20823,-0.039206,0.24632,3.7636,,running,0.078906,-0.00085449,0.0078684,0.14062,-0.0013428,-1.2219,0.21094,-0.00354,-3.2623,0.27969,-0.0075684,-4.9191,0.34688,-0.010889,-6.4831,0.4125,-0.012109,-6.6802,0.46875,-0.016113,-7.125,0.54375,-0.020117,-6.4967
375,232.61,4.8823,4.9398,3.0967,12,15,7.706,2.3624,2.1785,-2.9366,2.4481,140.18,-2.4233,6,upstream,0.20925,-0.053102,0.244,3.8232,,running,0.080859,-0.00083618,-0.53853,0.14062,-0.0016235,-2.2157,0.21094,-0.004541,-4.5095,0.28125,-0.0092285,-6.8956,0.34844,-0.014746,-8.5771,0.41563,-0.02002,-9.4042,0.475,-0.030078,-11.38,0.55625,-0.0375,-11.205
376,232.95,4.8111,4.9428,3.0822,12,15,7.706,2.3624,2.1785,-3.043,2.404,141.69,-0.72305,6,upstream,0.21939,-0.016612,0.24893,3.878,,running,0.082031,-0.00089722,0.35245,0.14453,-0.00088501,-0.35703,0.21875,-0.0019409,-1.9044,0.29375,-0.0041016,-2.3278,0.36563,-0.0046143,-3.781,0.43438,-0.0037598,-3.4574,0.5,-0.0059082,-3.16,0.5875,-0.011572,-3.0622
377,233.28,4.7388,4.947,3.0672,12,15,7.706,2.3624,2.1785,-3.1512,2.3567,143.21,-0.88585,6,upstream,0.18002,-0.0167,0.23889,3.935,,running,0.070703,-0.00095215,0.43352,0.12188,-0.0010376,-0.17547,0.18672,-0.0018799,-1.9342,0.24688,-0.0030762,-3.1529,0.3,-0.0046387,-3.7287,0.35469,-0.0021484,-3.0841,0.40313,-0.0040527,-4.0767,0.45312,-0.010449,-4.026
378,233.62,4.6713,4.9519,3.0618,12,15,7.706,2.3624,2.1785,-3.2314,2.3395,144.1,2.4642,6,upstream,0.16421,0.042376,0.26442,3.9894,,running,0.066406,-0.0018433,2.8681,0.11172,-0.001416,4.4385,0.16953,0.0011353,5.0476,0.22031,0.0049561,7.6067,0.27344,0.011768,7.9277,0.32188,0.022754,10.838,0.36719,0.034766,14.534,0.41875,0.042188,15.945
379,233.96,4.611,4.9568,3.0593,12,15,7.706,2.3624,2.1785,-3.2978,2.3311,144.74,2.4776,6,upstream,0.13419,0.034816,0.254,4.0385,,running,0.057031,-0.0017578,2.891,0.093359,-0.0023071,5.1267,0.13828,-0.00021973,6.4128,0.18438,0.0030884,9.0174,0.22344,0.009668,10.151,0.2625,0.020508,12.96,0.29375,0.033398,16.969,0.33125,0.038867,19.424
380,234.29,4.5576,4.9615,3.0731,12,15,7.706,2.3624,2.1785,-3.3188,2.3776,144.38,3.0398,6,upstream,0.14364,0.045725,0.26404,4.0826,,running,0.058203,-0.0017944,2.6696,0.096484,-0.0020874,5.4857,0.14453,0.00069275,6.7989,0.19609,0.004834,9.1995,0.23906,0.012695,10.063,0.28594,0.024512,13.661,0.32188,0.039453,18.518,0.36563,0.051172,22.454
381,234.63,4.5118,4.965,3.0858,12,15,7.706,2.3624,2.1785,-3.3344,2.4204,144.03,3.7452,6,upstream,0.15878,0.062271,0.29197,4.1203,,running,0.0625,-0.0018188,3.3215,0.10547,-0.0016479,6.1484,0.15938,0.0015747,7.6533,0.2125,0.0072266,10.294,0.26406,0.017285,12.233,0.31094,0.03125,15.937,0.35156,0.049609,21.991,0.40938,0.0625,24.133
382,234.99,4.4597,4.9683,3.1033,12,15,7.706,2.3624,2.1785,-3.3437,2.4797,143.44,2.1444,6,upstream,0.10648,0.023912,0.26619,4.1628,,running,0.043945,-0.002063,2.0045,0.072266,-0.0030762,5.821,0.10859,-0.0005249,6.6382,0.14297,0.00177,9.0678,0.17734,0.0066406,9.1772,0.21094,0.012695,11.034,0.23281,0.024121,15.654,0.26406,0.030664,18.46
383,235.33,4.4088,4.9707,3.1218,12,15,7.706,2.3624,2.1785,-3.3481,2.5426,142.79,1.5674,6,upstream,0.090503,0.01642,0.25225,4.2041,,running,0.037305,-0.0018555,1.4941,0.060547,-0.0029053,5.4292,0.091016,9.9182e-05,5.6181,0.11953,0.00087891,7.9568,0.15078,0.004126,8.8807,0.18438,0.0095215,9.1148,0.20312,0.017188,12.241,0.22969,0.022461,16.205
384,235.66,4.374,4.9716,3.1293,12,15,7.706,2.3624,2.1785,-3.3638,2.5681,142.64,1.6958,6,upstream,0.071281,0.017766,0.2623,4.232,,running,0.027344,-0.0025635,2.0904,0.044141,-0.004541,6.5317,0.06875,-3.5858e-05,6.4889,0.090234,0.00038757,9.7276,0.11875,0.0035156,11.65,0.14688,0.0079102,12.028,0.16563,0.014941,14.744,0.18828,0.01875,20.308
385,236.01,4.3448,4.9722,3.135,12,15,7.706,2.3624,2.1785,-3.3783,2.5876,142.55,3.4119,6,upstream,0.1019,0.036408,0.24239,4.2555,,running,0.041211,-0.0028198,3.2598,0.066406,-0.0037598,8.7506,0.10156,-0.00020905,10.741,0.13125,0.0026855,14.098,0.16953,0.010107,15.964,0.20469,0.017871,18.031,0.23125,0.03125,23.218,0.27188,0.041992,26.703
386,236.34,4.3185,4.9727,-3.1406,12,15,7.706,2.3624,2.1785,-3.3848,2.6137,142.32,4.4779,6,upstream,0.11708,0.0549,0.23824,4.2765,,running,0.047852,-0.0029663,4.3236,0.078516,-0.0032959,9.5385,0.11797,0.00097656,11.926,0.15391,0.0057373,16.46,0.19453,0.015234,19.093,0.23281,0.026367,22.078,0.26406,0.042969,27.191,0.30156,0.054297,30.964
387,236.68,4.2829,4.9731,-3.1265,12,15,7.706,2.3624,2.1785,-3.3832,2.6622,141.8,5.4531,6,upstream,0.1375,0.078517,0.24844,4.3051,,running,0.053516,-0.0029663,4.5739,0.089063,-0.0026001,9.6888,0.13516,0.002832,12.657,0.17891,0.0092773,16.978,0.22813,0.021777,20.44,0.26875,0.036133,23.249,0.30469,0.055859,29.017,0.35938,0.075781,33.369
388,237.02,4.2446,4.9731,-3.1073,12,15,7.706,2.3624,2.1785,-3.3698,2.7279,141.01,5.3801,6,upstream,0.10311,0.058093,0.25578,4.3355,,running,0.040234,-0.0035889,4.8504,0.064063,-0.0047852,11.617,0.098438,-0.00025635,14.861,0.12969,0.0045166,20.09,0.17109,0.016113,23.688,0.20312,0.028516,28.144,0.23125,0.044727,33.729,0.28594,0.064063,37.314
389,237.35,4.201,4.9723,-3.0824,12,15,7.706,2.3624,2.1785,-3.3444,2.8129,139.93,6.009,6,upstream,0.12538,0.078895,0.26845,4.37,,running,0.046289,-0.00354,4.9153,0.078125,-0.0034668,10.648,0.11875,0.0018677,13.285,0.15938,0.0087891,18.898,0.20781,0.021875,23.314,0.25156,0.037109,26.565,0.28906,0.055859,30.672,0.34844,0.075,33.476
390,237.7,4.1628,4.9708,-3.0598,12,15,7.706,2.3624,2.1785,-3.3181,2.8893,138.95,5.3241,6,upstream,0.10545,0.058796,0.23581,4.3998,,running,0.041016,-0.0037598,4.4385,0.065234,-0.0042236,11.048,0.099609,-0.00028534,14.036,0.13203,0.0050781,18.716,0.175,0.016309,22.459,0.21094,0.02793,27.308,0.24375,0.041992,31.823,0.29531,0.055469,33.934
391,238.04,4.1249,4.9684,-3.0363,12,15,7.706,2.3624,2.1785,-3.2872,2.9681,137.92,4.5432,6,upstream,0.18715,0.089039,0.29178,4.4289,,running,0.065625,-0.0032959,4.2779,0.11406,-0.00098267,8.0897,0.17422,0.0046387,9.8807,0.2375,0.012256,13.291,0.31094,0.024707,14.854,0.36563,0.039258,17.819,0.41875,0.057031,21.464,0.50938,0.073828,22.694
392,238.41,4.0827,4.9647,-3.0117,12,15,7.706,2.3624,2.1785,-3.2559,3.0495,136.87,2.2763,6,upstream,0.23456,0.055913,0.26468,4.461,,running,0.082422,-0.002417,2.8455,0.14922,-8.4686e-05,4.5455,0.22344,0.0039551,5.3132,0.30781,0.0088379,6.6372,0.39062,0.015527,6.4831,0.45625,0.024316,8.0632,0.525,0.033008,9.6526,0.60938,0.042969,10.389
393,238.76,4.0178,4.9566,-2.9838,12,15,7.706,2.3624,2.1785,-3.2347,3.1416,135.84,1.29,6,upstream,0.25506,0.034456,0.26518,4.5092,,running,0.092188,-0.0024048,2.0414,0.16563,0.00011444,3.1232,0.25,0.0025024,3.091,0.3375,0.0058594,3.4622,0.425,0.0095703,3.6942,0.49375,0.015527,4.2595,0.56875,0.018555,4.8317,0.65938,0.027344,6.2854
394,239.1,3.9334,4.9432,-2.9653,12,15,7.706,2.3624,2.1785,-3.2617,3.2023,135.53,0.86431,6,upstream,0.27191,0.02461,0.24503,4.5709,,running,0.10156,-0.0013794,1.1189,0.18281,0.00091553,1.8322,0.27344,0.0018188,1.6984,0.36563,0.0040527,1.5272,0.45312,0.0068359,1.8765,0.53125,0.010889,2.5109,0.61563,0.012988,2.6337,0.70312,0.01875,3.4313
395,239.44,3.8521,4.9288,-2.9551,12,15,7.706,2.3624,2.1785,-3.3112,3.2365,135.65,0.22532,6,upstream,0.2775,0.0065479,0.26586,4.6302,,running,0.10313,-0.0011353,0.52048,0.1875,-0.00011444,0.65392,0.27813,6.5613e-05,0.69079,0.37344,0.0011475,0.39122,0.4625,0.0018188,0.45836,0.54375,0.0038818,0.7448,0.63125,0.0019165,0.62307,0.70938,0.0049316,0.83021
396,239.78,3.7611,4.9116,-2.9478,12,15,7.706,2.3624,2.1785,-3.38,3.2614,136.02,-0.83429,6,upstream,0.27565,-0.024083,0.26987,4.6969,,running,0.10313,-0.0014404,-0.040772,0.18906,-0.0021118,-0.62804,0.27656,-0.0032959,-1.5434,0.37344,-0.0043457,-1.973,0.45938,-0.0066895,-2.3672,0.54688,-0.0085938,-2.1306,0.63125,-0.014941,-2.6486,0.7125,-0.016895,-2.5278
397,240.13,3.6632,4.8923,-2.9477,12,15,7.706,2.3624,2.1785,-3.4794,3.2616,136.85,-1.6919,6,upstream,0.27387,-0.048523,0.24733,4.7691,,running,0.10234,-0.0015991,-0.92986,0.18594,-0.0024414,-1.4987,0.27656,-0.0048096,-2.6486,0.36875,-0.0074219,-3.6325,0.45625,-0.013477,-4.7919,0.54688,-0.018262,-4.9548,0.63125,-0.028906,-6.0992,0.70312,-0.03457,-5.5561
398,240.47,3.5712,4.8741,-2.9581,12,15,7.706,2.3624,2.1785,-3.607,3.2241,138.21,-1.8538,6,upstream,0.26264,-0.050985,0.27712,4.8379,,running,0.10156,-0.001709,-0.90211,0.18203,-0.0022827,-1.6859,0.26719,-0.0041016,-2.6767,0.35938,-0.0068848,-3.6046,0.4375,-0.01416,-5.8707,0.53125,-0.020703,-6.436,0.60938,-0.032617,-8.655,0.68125,-0.041602,-7.6404
399,240.82,3.4746,4.8562,-2.9757,12,15,7.706,2.3624,2.1785,-3.7616,3.1582,139.98,-2.5507,6,upstream,0.26464,-0.070687,0.25025,4.9116,,running,0.10234,-0.0015015,-1.4501,0.18281,-0.0029907,-2.6907,0.27031,-0.0061523,-4.3683,0.36094,-0.010449,-5.75,0.44063,-0.019629,-8.1546,0.52813,-0.027344,-8.7373,0.60938,-0.041602,-11.129,0.69063,-0.049219,-9.6322
400,241.16,3.3912,4.842,-2.9934,12,15,7.706,2.3624,2.1785,-3.9014,3.0896,141.62,-2.1128,6,upstream,0.27018,-0.059779,0.249,4.9766,,running,0.10703,-0.0017212,-0.95025,0.18672,-0.0033691,-1.8592,0.27656,-0.0060791,-3.3797,0.36563,-0.0089355,-4.7162,0.45,-0.016602,-6.7266,0.53438,-0.022852,-7.1537,0.62188,-0.035352,-9.1788,0.69375,-0.042969,-8.033
401,241.49,3.3012,4.8285,-3.0166,12,15,7.706,2.3624,2.1785,-4.063,2.996,143.6,-1.8634,6,upstream,0.27389,-0.053447,0.26231,5.0482,,running,0.10859,-0.0013794,-0.85042,0.18906,-0.0028076,-1.7414,0.27813,-0.005542,-2.9018,0.37031,-0.008252,-3.8876,0.45625,-0.014844,-5.6992,0.54063,-0.02041,-6.2059,0.625,-0.032031,-7.693,0.70312,-0.038086,-6.645
402,241.83,3.2093,4.8169,-3.0364,12,15,7.706,2.3624,2.1785,-4.2143,2.9129,145.35,-1.5965,6,upstream,0.27761,-0.046412,0.26815,5.123,,running,0.10781,-0.0013672,-0.48893,0.18672,-0.0025269,-1.2238,0.27969,-0.0049072,-2.7263,0.37188,-0.0074707,-3.548,0.4625,-0.012891,-4.4885,0.55,-0.017773,-5.184,0.63438,-0.02832,-6.6696,0.7125,-0.033594,-6.1717
403,242.17,3.116,4.807,-3.0541,12,15,7.706,2.3624,2.1785,-4.3589,2.8364,146.95,-1.37,6,upstream,0.2757,-0.039555,0.2568,5.2004,,running,0.10625,-0.001416,-0.35121,0.18906,-0.0018799,-1.2937,0.27813,-0.0040283,-2.1701,0.37031,-0.0060059,-2.8397,0.45938,-0.010986,-3.9186,0.54688,-0.014551,-4.3461,0.63438,-0.022656,-5.184,0.7125,-0.027148,-4.7354
404,242.51,3.0217,4.7987,-3.0693,12,15,7.706,2.3624,2.1785,-4.4962,2.7681,148.38,-1.965,6,upstream,0.26828,-0.055206,0.24697,5.28,,running,0.10469,-0.0013306,-0.96455,0.18516,-0.0022339,-2.0533,0.27188,-0.0048096,-3.0948,0.36406,-0.0081543,-4.1987,0.44688,-0.015332,-5.9564,0.53125,-0.020117,-6.2635,0.61875,-0.032227,-8.316,0.69063,-0.039648,-7.0686
405,242.84,2.9339,4.7922,-3.0831,12,15,7.706,2.3624,2.1785,-4.6218,2.7048,149.66,-1.1159,6,upstream,0.2738,-0.031994,0.24899,5.3551,,running,0.10625,-0.0017212,-0.42351,0.18906,-0.0018433,-1.0201,0.27813,-0.0033936,-1.8603,0.37031,-0.0051758,-2.4994,0.45625,-0.0088867,-3.4907,0.54375,-0.010449,-3.3194,0.62813,-0.014648,-3.5478,0.70312,-0.018359,-3.0986
406,243.18,2.842,4.7869,-3.1,12,15,7.706,2.3624,2.1785,-4.759,2.6246,151.12,-1.5442,6,upstream,0.26635,-0.043072,0.2489,5.4348,,running,0.10469,-0.0017822,-0.48578,0.18516,-0.0025879,-1.4155,0.27188,-0.0041748,-2.4798,0.36094,-0.0067871,-3.3498,0.44375,-0.011963,-4.9371,0.52813,-0.014844,-5.0815,0.61563,-0.021875,-5.8807,0.6875,-0.027539,-5.3132
407,243.51,2.7492,4.7829,-3.1117,12,15,7.706,2.3624,2.1785,-4.8823,2.5674,152.26,-1.9057,6,upstream,0.26077,-0.052041,0.23572,5.5162,,running,0.10234,-0.0018677,-0.89517,0.18125,-0.0028442,-1.9147,0.26562,-0.0050049,-2.9531,0.35313,-0.0081055,-4.2607,0.43438,-0.014453,-5.792,0.51562,-0.017383,-6.1615,0.59688,-0.026172,-7.4092,0.66563,-0.029688,-6.6621
408,243.85,2.6588,4.7801,-3.1272,12,15,7.706,2.3624,2.1785,-5.0118,2.4902,153.58,-1.83,6,upstream,0.25138,-0.048172,0.25962,5.5964,,running,0.10078,-0.0018433,-0.44241,0.17656,-0.0031494,-2.0256,0.25938,-0.0049805,-3.3215,0.34531,-0.0073242,-4.2375,0.41875,-0.013379,-5.9566,0.5,-0.016016,-6.2854,0.575,-0.024707,-7.9764,0.64375,-0.029102,-7.125
409,244.19,2.5704,4.7787,3.1386,12,15,7.706,2.3624,2.1785,-5.1428,2.401,154.97,0.188,6,upstream,0.23438,0.0046143,0.27486,5.6757,,running,0.091016,-0.0019897,0.61763,0.16484,-0.0013062,0.25201,0.24219,-0.0015503,0.41152,0.325,0.00050049,0.50898,0.39062,0.0012817,0.048092,0.45938,0.0070313,1.1264,0.52813,0.01084,2.6026,0.5875,0.019531,5.1619
410,244.53,2.4855,4.779,3.1252,12,15,7.706,2.3624,2.1785,-5.2594,2.3306,156.1,0.29908,6,upstream,0.20907,0.0065479,0.24904,5.7527,,running,0.083594,-0.0012329,1.056,0.15,-0.0015381,0.22736,0.21719,-0.0012451,0.80134,0.29063,-0.00022888,1.4277,0.34844,0.0018188,0.49651,0.40625,0.0071777,1.9581,0.4625,0.012158,3.5763,0.50625,0.018164,6.0074
411,244.87,2.4075,4.7803,3.1269,12,15,7.706,2.3624,2.1785,-5.3334,2.3398,156.31,0.29927,6,upstream,0.16406,0.0051416,0.26779,5.8241,,running,0.064844,-0.0018433,0.78329,0.11484,-0.0023438,1.2531,0.16719,-0.0014282,1.1789,0.22656,-0.0012695,1.5223,0.27344,0.0014282,1.2595,0.32031,0.0097656,4.5223,0.36094,0.016895,7.3813,0.4,0.025977,12.067
412,245.21,2.3386,4.7813,3.129,12,15,7.706,2.3624,2.1785,-5.3973,2.3514,156.46,1.5116,6,upstream,0.10551,0.016701,0.26752,5.8873,,running,0.042188,-0.002417,2.2048,0.074219,-0.0033691,4.8793,0.10859,-0.0018677,6.5866,0.14062,-0.0012451,8.6175,0.17578,0.0046387,9.8093,0.20938,0.013086,13.971,0.23281,0.02207,16.686,0.26875,0.03125,21.089
413,245.56,2.2847,4.7821,3.1315,12,15,7.706,2.3624,2.1785,-5.4455,2.3647,156.53,-0.71459,6,upstream,0.10688,-0.0079983,0.25764,5.9367,,running,0.042383,-0.0019043,0.7531,0.075781,-0.0032227,1.9208,0.11172,-0.0020264,2.6081,0.14297,-0.0032715,2.2605,0.17813,-0.0022217,2.7575,0.21094,0.0041504,5.6288,0.23125,0.010107,7.5653,0.26406,0.019922,14.258
414,245.89,2.2489,4.7826,3.1355,12,15,7.706,2.3624,2.1785,-5.4717,2.3871,156.43,1.512,6,upstream,0.096596,0.015839,0.28883,5.9697,,running,0.034766,-0.0029663,1.8615,0.066016,-0.0038818,4.7151,0.099609,-0.0013672,6.914,0.12578,-0.0010376,8.7558,0.16094,0.004248,10.293,0.19453,0.01377,14.976,0.21875,0.025977,20.69,0.25625,0.038672,26.819
415,246.24,2.2111,4.7828,3.1343,12,15,7.706,2.3624,2.1785,-5.5125,2.38,156.65,-0.73426,6,upstream,0.083444,-0.0076898,0.24817,6.0044,,running,0.029102,-0.0019531,0.38674,0.054297,-0.0032471,2.1594,0.082422,-0.0015381,2.4896,0.10703,-0.0025635,3.249,0.13906,-0.0017822,2.7868,0.16875,0.0036865,7.0538,0.19063,0.010596,9.849,0.22031,0.022363,17.928
416,246.58,2.1794,4.7831,3.1376,12,15,7.706,2.3624,2.1785,-5.5361,2.3989,156.57,-2.4882,6,upstream,0.079294,-0.026081,0.25819,6.0335,,running,0.025,-0.00056763,-1.5201,0.050391,-0.00095215,-1.9821,0.075391,-0.00022278,-4.3579,0.10078,-0.0023804,-6.0916,0.13203,-0.0057373,-8.8287,0.16172,-0.0062988,-7.2375,0.18125,-0.006543,-8.0047,0.20938,-0.0034424,-5.0599
417,246.92,2.1513,4.783,3.1335,12,15,7.706,2.3624,2.1785,-5.5743,2.3753,156.92,-2.8915,6,upstream,0.080728,-0.030318,0.24124,6.0593,,running,0.025781,-0.00022583,-1.9886,0.051172,-8.1635e-05,-3.5174,0.076953,0.00020447,-6.4495,0.10313,-0.0023804,-9.3537,0.13437,-0.0067871,-12.786,0.16016,-0.0091797,-11.123,0.17891,-0.010889,-12.339,0.20312,-0.0092773,-8.819
418,247.26,2.1256,4.7829,3.1248,12,15,7.706,2.3624,2.1785,-5.6204,2.3262,157.52,-3.1132,6,upstream,0.061497,-0.03265,0.24759,6.0828,,running,0.015039,-0.00044861,-1.513,0.034375,0.0012817,-4.8525,0.055859,0.0024536,-9.211,0.079297,-0.00078125,-13.292,0.10234,-0.0055664,-16.284,0.125,-0.0094727,-14.692,0.14297,-0.010547,-16.591,0.16328,-0.0080078,-10.667
419,247.59,2.0991,4.783,3.1143,12,15,7.706,2.3624,2.1785,-5.6709,2.2665,158.21,-4.4546,6,upstream,0.066764,-0.04679,0.25313,6.1071,,running,0.017676,0.00023804,-2.6052,0.039453,0.0015015,-6.6839,0.061328,0.0016724,-10.773,0.085938,-0.0025513,-15.725,0.11094,-0.0086426,-18.301,0.13281,-0.014746,-19.008,0.15391,-0.020996,-24.416,0.17344,-0.021387,-23.148
420,247.93,2.0775,4.7831,3.1022,12,15,7.706,2.3624,2.1785,-5.7195,2.197,158.99,-4.3383,6,upstream,0.068164,-0.045561,0.24623,6.1269,,running,0.017188,-0.00071716,-1.1816,0.038477,0.00064392,-4.734,0.060938,0.00077209,-7.3767,0.086719,-0.0032959,-10.42,0.11328,-0.0085938,-11.579,0.13906,-0.012695,-11.452,0.16328,-0.018164,-17.27,0.18516,-0.017969,-15.247
421,248.27,2.0543,4.7834,3.0864,12,15,7.706,2.3624,2.1785,-5.7767,2.1054,159.98,-4.8975,6,upstream,0.058338,-0.051474,0.25798,6.1484,,running,0.012207,0.0021851,-4.3965,0.03125,0.0047363,-9.3461,0.050391,0.0036621,-13.237,0.073438,-0.00079956,-20.746,0.096875,-0.0083008,-25.278,0.11953,-0.019043,-27.872,0.14453,-0.030859,-33.111,0.16094,-0.04082,-38.243
422,248.61,2.0314,4.784,3.0705,12,15,7.706,2.3624,2.1785,-5.8324,2.0122,160.97,-5.0103,6,upstream,0.051996,-0.052669,0.26537,6.1697,,running,0.0087402,0.0032227,-5.0458,0.024805,0.0064941,-10.707,0.041211,0.0063477,-16.096,0.063281,0.0014893,-25.445,0.086328,-0.0075684,-32.131,0.10703,-0.019922,-36.87,0.13125,-0.033594,-40.662,0.14531,-0.043359,-45.591
423,248.95,2.0116,4.7847,3.0529,12,15,7.706,2.3624,2.1785,-5.8867,1.9083,162.04,-0.044501,6,upstream,0.040078,-0.00046601,0.26676,6.1882,,running,0.0047852,-0.0046387,3.8331,0.01748,-0.0059326,5.019,0.030078,-0.0046631,8.4432,0.046484,-0.0053955,12.339,0.066797,-5.188e-05,17.953,0.089844,0.0084961,29.134,0.11094,0.016699,37.395,0.12734,0.03125,52.162
424,249.3,1.9943,4.7857,3.0383,12,15,7.706,2.3624,2.1785,-5.9311,1.8216,162.93,0.47394,6,upstream,0.039845,0.0049633,0.27573,6.2045,,running,0.004541,-0.0052246,4.5246,0.016895,-0.00625,5.9978,0.029102,-0.005542,11.19,0.045508,-0.0063965,16.46,0.066406,0.00054932,22.109,0.090625,0.010938,33.37,0.11172,0.021191,43.307,0.13047,0.036914,53.316
425,249.65,1.98,4.7872,3.0385,12,15,7.706,2.3624,2.1785,-5.9451,1.8227,162.96,-2.1987,6,upstream,0.041046,-0.023041,0.24867,6.2183,,running,0.0056641,-0.0031006,1.2921,0.018164,-0.0027222,0.91047,0.029883,-0.0024292,2.2714,0.04668,-0.0043701,4.1771,0.068359,-0.0026245,5.4711,0.092188,0.00019226,12.365,0.11406,0.0068359,22.4,0.12734,0.016992,36.062
426,249.99,1.9664,4.7885,3.038,12,15,7.706,2.3624,2.1785,-5.9597,1.8197,163.02,-2.9975,6,upstream,0.043419,-0.031433,0.25395,6.2313,,running,0.0062988,-0.002124,0.12892,0.019922,-0.00083008,-1.7823,0.032422,-0.00085449,-1.381,0.05,-0.0025513,-2.8227,0.072266,-0.0037842,-3.7992,0.097656,-0.0054932,-0.36653,0.12031,-0.0020142,5.9268,0.13281,0.0029419,16.969
427,250.33,1.9521,4.7897,3.0295,12,15,7.706,2.3624,2.1785,-5.9892,1.7686,163.55,-4.3786,6,upstream,0.044897,-0.045987,0.26841,6.2449,,running,0.0050537,-0.00066528,-1.7473,0.017773,0.002417,-6.1285,0.032227,0.0025757,-8.9796,0.050391,-0.00050659,-14.258,0.074609,-0.0057129,-18.81,0.099609,-0.013086,-21.125,0.12031,-0.016309,-18.856,0.12813,-0.013281,-3.8391
428,250.67,1.937,4.7909,3.0177,12,15,7.706,2.3624,2.1785,-6.0249,1.6972,164.27,-3.2477,6,upstream,0.035682,-0.034064,0.25528,6.2593,,running,0.0017578,-0.0053223,3.776,0.012158,-0.0066406,5.8145,0.023633,-0.0070313,9.7354,0.038672,-0.0087891,14.973,0.059375,-0.0033691,19.359,0.082031,0.0048096,27.881,0.10078,0.01377,40.119,0.11094,0.030469,58.643
429,251.01,1.922,4.7921,3.003,12,15,7.706,2.3624,2.1785,-6.0641,1.6075,165.15,-4.2459,6,upstream,0.042539,-0.044585,0.25378,6.2736,,running,0.0042969,0.0024414,-4.3965,0.016211,0.0062012,-10.082,0.02793,0.007373,-16.814,0.047461,0.0023315,-23.902,0.070703,-0.005249,-32.283,0.095313,-0.018359,-39.184,0.11563,-0.028516,-40.723,0.12344,-0.033008,-38.703
430,251.35,1.9091,4.7933,2.9906,12,15,7.706,2.3624,2.1785,-6.0966,1.5312,165.9,-3.2174,6,upstream,0.039672,-0.033746,0.25137,6.286,,running,0.0045654,-0.0013428,-0.53713,0.015918,0.0010498,-3.4533,0.027148,0.0014038,-5.4075,0.044922,-0.0020386,-7.449,0.066016,-0.0037109,-9.6349,0.092578,-0.0089355,-11.787,0.1125,-0.010205,-8.5594,0.11797,-0.0064941,8.0806
431,251.68,1.8946,4.7949,2.9764,12,15,7.706,2.3624,2.1785,-6.1323,1.4436,166.75,-3.2946,6,upstream,0.044605,-0.034559,0.23489,6.3,,running,0.0061768,-0.0001564,-2.3008,0.019434,0.0034668,-7.3359,0.032422,0.0040771,-11.076,0.051953,0.00046997,-17.141,0.074219,-0.0042725,-21.771,0.1,-0.013281,-26.401,0.12188,-0.022363,-30.32,0.13047,-0.026367,-31.545
432,252.02,1.8804,4.7968,2.9648,12,15,7.706,2.3624,2.1785,-6.1629,1.372,167.45,-3.8735,6,upstream,0.042284,-0.040656,0.26109,6.3138,,running,0.0056396,0.00038757,-3.1767,0.016992,0.0032959,-7.1858,0.029102,0.0040283,-11.68,0.048242,-0.00015259,-17.209,0.070312,-0.0047607,-22.306,0.095313,-0.015039,-29.358,0.11797,-0.024121,-33.625,0.125,-0.025781,-29.667
433,252.36,1.8653,4.799,2.9525,12,15,7.706,2.3624,2.1785,-6.1946,1.2955,168.19,-3.1472,6,upstream,0.037087,-0.033007,0.23801,6.3286,,running,0.0022705,0.003418,-5.975,0.010742,0.0086914,-13.103,0.021973,0.010352,-21.898,0.041602,0.0040283,-29.294,0.061719,-0.0033936,-36.742,0.082813,-0.016797,-44.614,0.10391,-0.030469,-48.54,0.11016,-0.037109,-52.172
434,252.7,1.852,4.801,2.9402,12,15,7.706,2.3624,2.1785,-6.2235,1.2182,168.93,-2.4487,6,upstream,0.035658,-0.025666,0.23675,6.3416,,running,0.002417,0.0030884,-5.9658,0.011279,0.0075684,-11.63,0.021387,0.0098633,-20.433,0.040234,0.0034668,-27.897,0.059375,-0.0025391,-34.403,0.080469,-0.014648,-41.797,0.099609,-0.027539,-47.895,0.10703,-0.036719,-53.842
435,253.03,1.8394,4.8031,2.9297,12,15,7.706,2.3624,2.1785,-6.2487,1.1521,169.55,-2.5389,6,upstream,0.034722,-0.026613,0.24939,6.354,,running,0.0026367,0.00271,-5.6822,0.010938,0.0069336,-10.679,0.020801,0.0090332,-19.113,0.039258,0.0024536,-25.201,0.057813,-0.0025635,-30.719,0.078906,-0.013867,-38.098,0.098828,-0.025391,-43.433,0.10625,-0.032031,-45.895
436,253.37,1.8274,4.8053,2.9209,12,15,7.706,2.3624,2.1785,-6.2708,1.0966,170.08,-3.6227,6,upstream,0.036166,-0.038012,0.23103,6.366,,running,0.003833,0.0029907,-5.5404,0.011816,0.006543,-10.56,0.022461,0.0083496,-18.182,0.041211,0.0025635,-26.03,0.060156,-0.0038086,-31.858,0.081641,-0.01582,-38.533,0.10078,-0.026758,-43.13,0.10781,-0.032422,-45.902
437,253.71,1.8153,4.8075,2.9106,12,15,7.706,2.3624,2.1785,-6.294,1.0317,170.69,-3.1098,6,upstream,0.035912,-0.032614,0.27283,6.378,,running,0.0030029,0.0045898,-7.3506,0.011133,0.0098145,-14.384,0.02168,0.011963,-23.452,0.04082,0.0050781,-32.547,0.059766,-0.0032471,-39.644,0.082031,-0.018945,-46.153,0.10156,-0.033594,-50.461,0.11094,-0.042969,-55.892
438,254.07,1.8022,4.81,2.8974,12,15,7.706,2.3624,2.1785,-6.3204,0.94753,171.47,-3.8357,6,upstream,0.038759,-0.040257,0.24405,6.391,,running,0.0035645,0.0046875,-7.153,0.012451,0.0099121,-14.152,0.023926,0.012109,-23.688,0.044336,0.0051758,-32.718,0.064453,-0.0043213,-39.452,0.0875,-0.020508,-45.496,0.10938,-0.036719,-51.185,0.12188,-0.049609,-57.005
439,254.4,1.7897,4.8126,2.8855,12,15,7.706,2.3624,2.1785,-6.344,0.8717,172.18,-5.0744,6,upstream,0.043059,-0.053348,0.26814,6.4036,,running,0.0040527,0.0051025,-7.7956,0.014453,0.010645,-15.422,0.027148,0.012695,-25.781,0.049219,0.0043213,-34.426,0.071484,-0.0063477,-41.028,0.095313,-0.02334,-47.299,0.12031,-0.042773,-51.367,0.14141,-0.0625,-56.109
440,254.75,1.7761,4.8155,2.8709,12,15,7.706,2.3624,2.1785,-6.3699,0.7779,173.04,-6.1854,6,upstream,0.044321,-0.065153,0.25469,6.4173,,running,0.0053711,0.005835,-8.1858,0.016016,0.010742,-15.994,0.028906,0.012695,-26.565,0.052734,0.0035645,-35.614,0.073438,-0.007959,-42.879,0.098828,-0.026758,-49.367,0.125,-0.049023,-54.162,0.14531,-0.070703,-59.125
441,255.08,1.7612,4.8188,2.8518,12,15,7.706,2.3624,2.1785,-6.3988,0.65518,174.15,-5.0483,6,upstream,0.042117,-0.053071,0.23603,6.4323,,running,0.0042969,0.0054443,-7.8514,0.013965,0.010596,-15.183,0.027148,0.012695,-25.328,0.049414,0.0046631,-33.205,0.069922,-0.0061768,-41.562,0.094141,-0.024121,-48.495,0.11953,-0.044727,-53.543,0.13906,-0.064453,-59.29
442,255.42,1.7471,4.8221,2.8319,12,15,7.706,2.3624,2.1785,-6.4251,0.52678,175.31,-3.3841,6,upstream,0.039209,-0.0355,0.25019,6.4466,,running,0.0022217,0.0041748,-6.7082,0.011279,0.0083984,-12.47,0.024902,0.011328,-22.019,0.045117,0.0047852,-27.979,0.065234,-0.0038574,-35.739,0.0875,-0.018066,-41.085,0.10859,-0.032227,-46.193,0.12344,-0.045898,-54.605
443,255.75,1.733,4.8259,2.8151,12,15,7.706,2.3624,2.1785,-6.4475,0.41795,176.29,-4.3881,6,upstream,0.042312,-0.046087,0.25869,6.461,,running,0.003125,0.0034668,-5.8625,0.012988,0.0070313,-10.886,0.026953,0.0096191,-20.373,0.047852,0.0032471,-25.918,0.070312,-0.0053955,-31.873,0.09375,-0.019141,-37.263,0.11641,-0.034766,-43.355,0.13203,-0.049023,-52.537
444,256.09,1.7197,4.8298,2.8023,12,15,7.706,2.3624,2.1785,-6.4662,0.33451,177.04,-3.8311,6,upstream,0.039463,-0.040209,0.24994,6.4749,,running,0.0022949,0.0030884,-5.5654,0.011523,0.0066895,-10.798,0.025,0.0092773,-19.759,0.043945,0.0033936,-25.098,0.065625,-0.0043945,-31.104,0.088281,-0.018164,-37.137,0.11172,-0.033203,-43.87,0.12422,-0.046484,-55.477
445,256.43,1.7058,4.834,2.7871,12,15,7.706,2.3624,2.1785,-6.4851,0.23548,177.92,-3.2051,6,upstream,0.04061,-0.033616,0.24403,6.4893,,running,0.0029785,0.0022705,-4.6423,0.012891,0.0048828,-8.6394,0.026953,0.0075684,-16.535,0.045508,0.0024536,-20.908,0.067578,-0.0037842,-25.982,0.089844,-0.013672,-29.483,0.11094,-0.024902,-33.232,0.12344,-0.033984,-42.337
446,256.76,1.6926,4.8383,2.7741,12,15,7.706,2.3624,2.1785,-6.5014,0.15016,178.68,-3.8847,6,upstream,0.043459,-0.040774,0.24008,6.5032,,running,0.0048584,0.0019043,-4.362,0.015137,0.0046631,-8.6265,0.030273,0.0073242,-16.449,0.05,0.0021118,-20.964,0.072266,-0.0049072,-26.427,0.096094,-0.01582,-30.457,0.11797,-0.029297,-36.177,0.13281,-0.042188,-46.242
447,257.1,1.6798,4.8427,2.7627,12,15,7.706,2.3624,2.1785,-6.5162,0.075579,179.34,-3.9196,6,upstream,0.043931,-0.041142,0.24973,6.5167,,running,0.0043213,0.0029907,-5.384,0.014941,0.0063477,-10.353,0.030664,0.0088379,-18.97,0.050781,0.0028687,-24.905,0.073047,-0.0050049,-30.781,0.096484,-0.01748,-35.929,0.11953,-0.033789,-42.665,0.13437,-0.04707,-53.318
448,257.43,1.6655,4.8478,2.7488,12,15,7.706,2.3624,2.1785,-6.5318,-0.015768,-179.86,-2.8875,6,upstream,0.040129,-0.030276,0.25804,6.5318,,running,0.0029297,0.0027344,-5.258,0.012451,0.0060547,-10.082,0.026563,0.0088379,-18.643,0.046289,0.0033936,-23.798,0.066797,-0.0033691,-29.148,0.089063,-0.015039,-34.844,0.11016,-0.029883,-42.879,0.12578,-0.042188,-53.973
449,257.76,1.6514,4.853,2.7357,12,15,7.706,2.3624,2.1785,-6.546,-0.10213,-179.11,-1.4598,6,upstream,0.039388,-0.015292,0.23963,6.5468,,running,0.0028564,0.0027466,-4.7543,0.012402,0.00625,-9.7599,0.026758,0.0094238,-18.518,0.045508,0.0044678,-24.468,0.065625,-0.0016724,-30.481,0.0875,-0.012598,-36.731,0.10781,-0.025977,-43.282,0.12266,-0.036133,-52.416
450,258.1,1.6386,4.8581,2.7269,12,15,7.706,2.3624,2.1785,-6.5586,-0.16055,-178.6,-0.67844,6,upstream,0.037268,-0.0071051,0.26119,6.5606,,running,0.0024902,0.0022583,-4.3901,0.012061,0.0051514,-8.2072,0.025586,0.0084961,-16.851,0.04375,0.0037354,-21.251,0.062109,-0.00073547,-27.872,0.084766,-0.011035,-34.546,0.10547,-0.023145,-40.53,0.12031,-0.033398,-51.04
451,258.43,1.627,4.863,2.7225,12,15,7.706,2.3624,2.1785,-6.5704,-0.18937,-178.35,-0.93508,6,upstream,0.036802,-0.0097934,0.2933,6.5732,,running,0.0025635,0.0028809,-5.2713,0.012012,0.0065918,-9.9381,0.025781,0.0099609,-19.017,0.043164,0.0046875,-24.867,0.061328,-0.001001,-32.339,0.083203,-0.013281,-39.401,0.10234,-0.027539,-46.484,0.11797,-0.04043,-58.606
452,258.8,1.614,4.8686,2.7196,12,15,7.706,2.3624,2.1785,-6.5841,-0.20865,-178.18,-1.5678,6,upstream,0.035873,-0.016424,0.27868,6.5874,,running,0.0021973,0.0033691,-5.8725,0.011328,0.007373,-11.121,0.024414,0.011035,-20.982,0.041992,0.0051758,-27.22,0.059766,-0.0016357,-34.085,0.081641,-0.015625,-40.833,0.10078,-0.032617,-50.576,0.11641,-0.048438,-65.15
453,259.15,1.6025,4.8736,2.7159,12,15,7.706,2.3624,2.1785,-6.5958,-0.2334,-177.97,0.5088,6,upstream,0.032579,0.0053283,0.24563,6.5999,,running,0.001001,0.0018311,-4.4813,0.0088867,0.0048828,-7.8533,0.02168,0.0083496,-16.325,0.037891,0.0029907,-20.408,0.054297,0.00048218,-26.565,0.075781,-0.0083496,-31.803,0.092969,-0.016895,-35.948,0.10469,-0.024805,-51.433
454,259.49,1.5915,4.8784,2.7121,12,15,7.706,2.3624,2.1785,-6.6069,-0.25877,-177.76,1.8111,6,upstream,0.029663,0.018975,0.25073,6.6119,,running,-3.0518e-05,0.001001,-3.633,0.0073242,0.0033203,-5.7534,0.018945,0.0070801,-12.559,0.03457,0.0016724,-15.313,0.049414,0.0015625,-21.536,0.069922,-0.0043457,-25.484,0.086328,-0.0093262,-26.413,0.098438,-0.018652,-46.498
455,259.82,1.5818,4.883,2.7151,12,15,7.706,2.3624,2.1785,-6.6184,-0.23881,-177.93,1.2936,6,upstream,0.032118,0.01355,0.24046,6.6227,,running,0.00067139,0.0020386,-4.7072,0.0091309,0.0052002,-8.156,0.021875,0.0087891,-16.325,0.0375,0.003418,-20.482,0.053516,0.0012085,-27.041,0.075391,-0.0075684,-31.915,0.094922,-0.018555,-38.825,0.10938,-0.031445,-58.555
456,260.16,1.5732,4.8872,2.7206,12,15,7.706,2.3624,2.1785,-6.6292,-0.20169,-178.26,3.4206,6,upstream,0.029584,0.035884,0.26279,6.6322,,running,-0.00081177,0.004248,-6.5969,0.0067871,0.0086426,-12.384,0.019043,0.012109,-21.114,0.03418,0.0064453,-28.064,0.049219,0.0029419,-39.847,0.069141,-0.010205,-49.521,0.088281,-0.025586,-57.184,0.10156,-0.042188,-75.787
457,260.49,1.5636,4.8918,2.7267,12,15,7.706,2.3624,2.1785,-6.6409,-0.16145,-178.61,1.5681,6,upstream,0.02837,0.016428,0.25737,6.6428,,running,0.00027466,0.0026367,-5.1867,0.006543,0.0060547,-9.0781,0.017871,0.0094238,-17.289,0.031641,0.0034912,-21.771,0.047266,0.0012939,-31.308,0.067187,-0.0083008,-42.383,0.083203,-0.019434,-52.595,0.096484,-0.037305,-75.12
458,260.83,1.5549,4.8962,2.7373,12,15,7.706,2.3624,2.1785,-6.6519,-0.090398,-179.22,1.6471,6,upstream,0.024971,0.017256,0.24693,6.6525,,running,-0.00026245,0.0027466,-6.2207,0.0043213,0.0038574,-7.125,0.015137,0.0055908,-11.976,0.028125,0.0016724,-11.797,0.041602,0.0011963,-17.204,0.057031,-0.0019165,-20.862,0.069531,-0.005127,-26.944,0.078125,-0.0074219,-63.65
459,261.16,1.5465,4.9,2.7429,12,15,7.706,2.3624,2.1785,-6.6615,-0.052471,-179.55,4.2507,6,upstream,0.026087,0.044636,0.24422,6.6617,,running,0.00056152,0.004248,-7.8572,0.0044189,0.0062012,-10.255,0.01543,0.0089844,-16.792,0.029297,0.0046875,-18.95,0.043359,0.0032227,-28.507,0.058203,-0.0022339,-38.866,0.070312,-0.0087891,-53.688,0.080078,-0.012402,-89.154
460,261.5,1.5394,4.9034,2.7502,12,15,7.706,2.3624,2.1785,-6.6696,-0.0035443,-179.97,0.91926,6,upstream,0.026136,0.0096277,0.26853,6.6696,,running,-0.00056763,0.00027466,-2.6412,0.0050781,0.00074768,-2.7692,0.015918,0.0028564,-6.5902,0.028516,-0.0015503,-3.1847,0.043555,0.00069885,-10.508,0.061328,0.0012573,-5.3451,0.075,0.0031128,-0.58533,0.084375,0.0043213,53.19
461,261.85,1.5312,4.9074,2.7636,12,15,7.706,2.3624,2.1785,-6.6781,0.086333,179.26,3.8659,6,upstream,0.027484,0.040576,0.25481,6.6787,,running,0.00032043,0.0021606,-4.9329,0.0051514,0.0061035,-9.0339,0.016602,0.0086426,-16.127,0.029688,0.0045166,-20.477,0.045703,0.0030884,-34.54,0.063281,-0.0016235,-41.798,0.076563,-0.0082031,-54.09,0.084375,-0.011084,-75.341
462,262.19,1.5231,4.9109,2.7692,12,15,7.706,2.3624,2.1785,-6.6864,0.12418,178.94,5.681,6,upstream,0.028264,0.059785,0.24891,6.6875,,running,-0.00019531,0.0026489,-5.4257,0.0066895,0.0077637,-11.19,0.017969,0.011133,-19.983,0.03125,0.0065918,-25.989,0.046875,0.0046631,-38.884,0.063281,-0.0034668,-50.757,0.080078,-0.014355,-60.319,0.089063,-0.025195,-73.752
463,262.53,1.515,4.9149,2.7845,12,15,7.706,2.3624,2.1785,-6.6927,0.22748,178.05,5.9418,6,upstream,0.027452,0.062558,0.24994,6.6966,,running,-7.3242e-05,0.0024048,-5.8167,0.00625,0.0069824,-10.741,0.017676,0.010156,-18.392,0.030664,0.00625,-24.72,0.045508,0.0047363,-37.491,0.062109,-0.0020264,-49.764,0.077344,-0.012695,-60.35,0.087891,-0.026367,-76.62
464,262.86,1.5073,4.9187,2.8039,12,15,7.706,2.3624,2.1785,-6.6955,0.35797,176.94,7.042,6,upstream,0.03011,0.074305,0.25709,6.7051,,running,0.0011963,0.002832,-6.3963,0.007959,0.0069336,-10.437,0.019922,0.011523,-20.304,0.033984,0.007959,-26.844,0.049805,0.0061523,-39.193,0.066016,-0.0032715,-50.008,0.082422,-0.014844,-61.989,0.09375,-0.032617,-77.439
465,263.19,1.4992,4.9226,2.826,12,15,7.706,2.3624,2.1785,-6.6949,0.50708,175.67,4.6765,6,upstream,0.031981,0.049135,0.23694,6.7141,,running,0.0027588,0.0030151,-6.5036,0.008252,0.0076172,-10.802,0.020996,0.011768,-20.682,0.037109,0.0075684,-28.598,0.053125,0.0043457,-41.424,0.065625,-0.0028687,-47.171,0.078516,-0.0098633,-51.121,0.091406,-0.020996,-61.654
466,263.53,1.4901,4.9266,2.8491,12,15,7.706,2.3624,2.1785,-6.6913,0.66271,174.34,-1.9525,6,upstream,0.041274,-0.020459,0.273,6.724,,running,0.004834,0.0029663,-7.6281,0.011914,0.0089844,-13.802,0.026172,0.012598,-23.181,0.046484,0.0068848,-30.624,0.06875,-0.0023438,-41.132,0.079688,-0.011963,-48.934,0.090625,-0.020801,-52.946,0.10703,-0.039062,-57.954
467,263.88,1.4789,4.9306,2.8621,12,15,7.706,2.3624,2.1785,-6.694,0.75033,173.6,-1.6344,6,upstream,0.043143,-0.017122,0.24456,6.7359,,running,0.0063477,0.0039795,-8.6864,0.016406,0.010059,-15.434,0.031055,0.013574,-26.114,0.053125,0.0075195,-34.426,0.071875,-0.0020508,-42.739,0.083594,-0.01416,-51.89,0.096484,-0.027734,-55.426,0.11875,-0.051953,-57.595
468,264.22,1.4658,4.934,2.8558,12,15,7.706,2.3624,2.1785,-6.7121,0.70783,173.98,-0.40285,6,upstream,0.044532,-0.0042188,0.24602,6.7493,,running,0.0072266,0.0018188,-6.4754,0.018164,0.0053711,-9.7224,0.033594,0.0097168,-19.19,0.055859,0.0050781,-24.123,0.074219,-0.00052185,-32.805,0.084766,-0.0077148,-39.806,0.095703,-0.019824,-47.654,0.11328,-0.041016,-55.353
469,264.55,1.4515,4.9381,2.851,12,15,7.706,2.3624,2.1785,-6.7302,0.67583,174.27,0.10526,6,upstream,0.047344,0.0011023,0.24529,6.7641,,running,0.0087402,0.003418,-8.2029,0.019336,0.0096191,-14.796,0.036328,0.014258,-27.354,0.057813,0.0085938,-34.97,0.078906,0.00014496,-41.435,0.09375,-0.011719,-49.338,0.10625,-0.028711,-57.704,0.11641,-0.052344,-66.651
470,264.89,1.4398,4.9437,2.8639,12,15,7.706,2.3624,2.1785,-6.7338,0.76439,173.52,0.9884,6,upstream,0.045007,0.010352,0.25389,6.777,,running,0.0077637,0.0027466,-6.3622,0.017969,0.0063965,-11.13,0.031445,0.0125,-23.599,0.051953,0.0077637,-29.638,0.075,0.0012939,-36.403,0.088281,-0.0046875,-42.628,0.096484,-0.015723,-52.453,0.10469,-0.036914,-64.627
471,265.23,1.4349,4.952,2.9121,12,15,7.706,2.3624,2.1785,-6.6958,1.0951,170.71,-0.48635,6,upstream,0.048752,-0.0050932,0.24136,6.7848,,running,0.011279,0.0022095,-5.4403,0.022754,0.0059326,-10.559,0.035938,0.01001,-19.926,0.059375,0.0045654,-24.713,0.08125,-0.0006897,-31.814,0.090234,-0.0046631,-36.591,0.093359,-0.0097656,-42.436,0.10547,-0.028711,-53.393
472,265.56,1.4295,4.959,2.9591,12,15,7.706,2.3624,2.1785,-6.6434,1.4147,167.98,-0.17336,6,upstream,0.040547,-0.0018154,0.24013,6.7924,,running,0.010547,-0.0010986,-1.8751,0.02041,0.001416,-3.8554,0.030273,0.0042236,-9.5784,0.05,0.00081787,-14.353,0.067578,-0.00020447,-22.842,0.075,-0.0016479,-26.565,0.080859,-0.0049316,-33.48,0.091797,-0.022852,-55.635
473,265.9,1.4243,4.9646,3.0011,12,15,7.706,2.3624,2.1785,-6.5842,1.6969,165.55,0.55025,6,upstream,0.036799,0.0057624,0.25103,6.7993,,running,0.0066406,0.00061951,-3.5197,0.01543,0.0042969,-7.5267,0.025195,0.0071777,-14.995,0.045117,0.0038086,-22.669,0.061328,0.00058899,-34.729,0.073047,-0.0047119,-38.025,0.083203,-0.014648,-46.427,0.095313,-0.032813,-68.74
474,266.24,1.4193,4.9689,3.039,12,15,7.706,2.3624,2.1785,-6.5206,1.9489,163.36,2.1452,6,upstream,0.035415,0.02248,0.27132,6.8056,,running,0.0066895,0.0028809,-5.8063,0.014746,0.0072266,-12.129,0.025586,0.010498,-20.245,0.044336,0.0063477,-28.785,0.058984,0.0022095,-41.186,0.067969,-0.0055908,-45.593,0.083594,-0.019531,-56.256,0.099219,-0.043945,-73.722
475,266.58,1.4142,4.9722,3.0749,12,15,7.706,2.3624,2.1785,-6.4517,2.1849,161.29,8.5187,6,upstream,0.054982,0.090203,0.27785,6.8116,,running,0.0080078,-0.0076172,7.4632,0.02334,-0.0083008,11.926,0.045703,-0.00065002,16.321,0.070312,0.0047363,21.952,0.090625,0.013574,26.433,0.11719,0.035742,36.739,0.13437,0.054297,44.459,0.14766,0.067578,51.633
476,266.94,1.4075,4.9752,3.1191,12,15,7.706,2.3624,2.1785,-6.3557,2.4704,158.76,1.7337,6,upstream,0.17914,0.032525,0.25161,6.8189,,running,0.069141,-0.0024658,1.1207,0.11875,-0.00053711,2.7346,0.18516,0.002832,2.5435,0.23906,0.0049316,4.9271,0.29844,0.0090332,4.4278,0.35938,0.014648,4.4752,0.40625,0.018359,4.4833,0.44063,0.023438,7.9372
477,267.27,1.404,4.9765,-3.1415,12,15,7.706,2.3624,2.1785,-6.3018,2.6147,157.47,2.4529,6,upstream,0.16703,0.042904,0.24502,6.8227,,running,0.0625,-0.0027222,1.3743,0.11172,-0.00070496,4.2718,0.17344,0.0032715,4.9118,0.22813,0.0066895,7.7985,0.27813,0.011914,8.4794,0.33906,0.020996,10.235,0.38906,0.025195,10.031,0.40938,0.039844,16.645
478,267.61,1.404,4.9765,-3.1416,12,15,7.706,2.3624,2.1785,-6.302,2.6142,157.47,2.4555,6,upstream,0.16891,0.043431,0.25151,6.8227,,running,0.062891,-0.0026489,1.48,0.1125,-0.00067444,4.156,0.175,0.0033203,4.7933,0.22969,0.0065918,7.5844,0.28125,0.012061,8.1483,0.34219,0.020117,9.8242,0.39375,0.024609,9.4189,0.4125,0.039062,15.859
479,267.95,1.404,4.9765,3.1416,12,15,7.706,2.3624,2.1785,-6.302,2.6141,157.47,2.4089,6,upstream,0.17078,0.043079,0.25983,6.8226,,running,0.063672,-0.0026611,1.4518,0.11406,-0.00052795,3.9271,0.17656,0.003418,4.8931,0.23281,0.0067383,7.5198,0.28437,0.011963,8.0207,0.34531,0.020703,9.6327,0.39688,0.025195,9.6142,0.41563,0.039258,16.013
480,268.28,1.404,4.9765,3.1416,12,15,7.706,2.3624,2.1785,-6.302,2.614,157.47,2.3794,6,upstream,0.17077,0.042551,0.2507,6.8226,,running,0.063281,-0.0027344,1.4025,0.11328,-0.00057373,3.8978,0.17656,0.0030884,4.8822,0.23125,0.0066406,7.5198,0.28437,0.011816,7.981,0.34531,0.020117,9.441,0.39688,0.025,9.4189,0.41563,0.039258,16.148
481,268.62,1.404,4.9765,3.1416,12,15,7.706,2.3624,2.1785,-6.302,2.614,157.47,2.3363,6,upstream,0.16889,0.04132,0.23813,6.8226,,running,0.062891,-0.0026611,1.4125,0.1125,-0.00059204,4.1849,0.175,0.003064,4.971,0.23125,0.006543,7.4895,0.28125,0.011475,8.2121,0.34219,0.019922,9.6966,0.39375,0.024121,9.3089,0.4125,0.038477,15.539
482,268.96,1.404,4.9765,3.1416,12,15,7.706,2.3624,2.1785,-6.302,2.614,157.47,2.3363,6,upstream,0.16889,0.04132,0.25555,6.8226,,running,0.062891,-0.0026611,1.4125,0.1125,-0.00059204,4.1849,0.175,0.003064,4.971,0.23125,0.006543,7.4895,0.28125,0.011475,8.2121,0.34219,0.019922,9.6966,0.39375,0.024121,9.3089,0.4125,0.038477,15.539
483,269.3,1.404,4.9765,3.1416,12,15,7.706,2.3624,2.1785,-6.302,2.614,157.47,2.3363,6,upstream,0.16889,0.04132,0.2492,6.8226,,running,0.062891,-0.0026611,1.4125,0.1125,-0.00059204,4.1849,0.175,0.003064,4.971,0.23125,0.006543,7.4895,0.28125,0.011475,8.2121,0.34219,0.019922,9.6966,0.39375,0.024121,9.3089,0.4125,0.038477,15.539
484,269.63,1.404,4.9765,3.1416,12,15,7.706,2.3624,2.1785,-6.302,2.614,157.47,2.3333,6,upstream,0.16983,0.041496,0.261,6.8226,,running,0.063281,-0.0025146,1.3461,0.11328,-0.00063782,3.9563,0.175,0.0031982,4.7636,0.23125,0.0065918,7.5805,0.28281,0.011523,7.9249,0.34375,0.020117,9.441,0.39375,0.024609,9.6142,0.41563,0.038672,15.675
485,269.98,1.404,4.9765,3.1416,12,15,7.706,2.3624,2.1785,-6.302,2.614,157.47,2.3661,6,upstream,0.16889,0.041848,0.25207,6.8226,,running,0.062891,-0.0026733,1.3391,0.1125,-0.00071411,4.0111,0.175,0.0030396,4.7636,0.22969,0.0066895,7.4895,0.28125,0.011621,8.1483,0.34219,0.020215,9.8242,0.39219,0.024707,9.484,0.4125,0.039062,15.945
486,270.31,1.404,4.9765,3.1416,12,15,7.706,2.3624,2.1785,-6.302,2.614,157.47,2.3661,6,upstream,0.16889,0.041848,0.24683,6.8226,,running,0.062891,-0.0026733,1.3391,0.1125,-0.00071411,4.0111,0.175,0.0030396,4.7636,0.22969,0.0066895,7.4895,0.28125,0.011621,8.1483,0.34219,0.020215,9.8242,0.39219,0.024707,9.484,0.4125,0.039062,15.945
